trial,score,oos_sharpe,mean_abs_corr,n_factors,optional,all_factors
103,1.9732592474838744,1.9955684957624846,0.08923699311444136,18,x_ultimate_oscillator|x_trix|x_return_5d|x_skewness|x_kurtosis|x_high_low_ratio|x_liquidity_indicator|x_trend_strength|x_klinger|x_price_impact|x_price_reversal_1d|x_volume_acceleration|x_hurst_exponent|x_price_volume_trend|x_spread_20h|x_open_interest,x_vwap|x_ma_ret_4h|x_ultimate_oscillator|x_trix|x_return_5d|x_skewness|x_kurtosis|x_high_low_ratio|x_liquidity_indicator|x_trend_strength|x_klinger|x_price_impact|x_price_reversal_1d|x_volume_acceleration|x_hurst_exponent|x_price_volume_trend|x_spread_20h|x_open_interest
125,1.8575335396503156,1.8812301171691115,0.09478631007518296,17,x_ultimate_oscillator|x_trix|x_return_5d|x_skewness|x_kurtosis|x_high_low_ratio|x_liquidity_indicator|x_trend_strength|x_klinger|x_price_impact|x_price_reversal_1d|x_volume_acceleration|x_price_volume_trend|x_spread_20h|x_open_interest,x_vwap|x_ma_ret_4h|x_ultimate_oscillator|x_trix|x_return_5d|x_skewness|x_kurtosis|x_high_low_ratio|x_liquidity_indicator|x_trend_strength|x_klinger|x_price_impact|x_price_reversal_1d|x_volume_acceleration|x_price_volume_trend|x_spread_20h|x_open_interest
105,1.8056161121414775,1.8294033621974213,0.095149000223775,17,x_ultimate_oscillator|x_trix|x_return_5d|x_skewness|x_kurtosis|x_high_low_ratio|x_liquidity_indicator|x_klinger|x_price_impact|x_price_reversal_1d|x_volume_acceleration|x_relative_volume|x_price_volume_trend|x_spread_20h|x_open_interest,x_vwap|x_ma_ret_4h|x_ultimate_oscillator|x_trix|x_return_5d|x_skewness|x_kurtosis|x_high_low_ratio|x_liquidity_indicator|x_klinger|x_price_impact|x_price_reversal_1d|x_volume_acceleration|x_relative_volume|x_price_volume_trend|x_spread_20h|x_open_interest
47,1.7918445189942662,1.8127928061822312,0.08379314875185946,17,x_ultimate_oscillator|x_volume_weighted_return|x_ma_ret_6h|x_skewness|x_kurtosis|x_parkinson_volatility|x_trend_strength|x_price_jump|x_price_impact|x_volume_profile_indicator|x_volume_change_rate|x_hurst_exponent|x_price_volume_trend|x_spread_20h|x_open_interest,x_vwap|x_ma_ret_4h|x_ultimate_oscillator|x_volume_weighted_return|x_ma_ret_6h|x_skewness|x_kurtosis|x_parkinson_volatility|x_trend_strength|x_price_jump|x_price_impact|x_volume_profile_indicator|x_volume_change_rate|x_hurst_exponent|x_price_volume_trend|x_spread_20h|x_open_interest
131,1.7917300252607171,1.81450566981535,0.09110257821853203,16,x_ultimate_oscillator|x_trix|x_return_5d|x_skewness|x_liquidity_indicator|x_trend_strength|x_klinger|x_price_impact|x_price_reversal_1d|x_volume_acceleration|x_hurst_exponent|x_price_volume_trend|x_spread_20h|x_open_interest,x_vwap|x_ma_ret_4h|x_ultimate_oscillator|x_trix|x_return_5d|x_skewness|x_liquidity_indicator|x_trend_strength|x_klinger|x_price_impact|x_price_reversal_1d|x_volume_acceleration|x_hurst_exponent|x_price_volume_trend|x_spread_20h|x_open_interest
49,1.7803210349949676,1.8056276038475854,0.10122627541047126,18,x_ultimate_oscillator|x_trix|x_return_5d|x_ma_ret_8h|x_skewness|x_kurtosis|x_fractal_dimension|x_liquidity_indicator|x_trend_strength|x_klinger|x_price_impact|x_is_night|x_hurst_exponent|x_price_volume_trend|x_spread_20h|x_open_interest,x_vwap|x_ma_ret_4h|x_ultimate_oscillator|x_trix|x_return_5d|x_ma_ret_8h|x_skewness|x_kurtosis|x_fractal_dimension|x_liquidity_indicator|x_trend_strength|x_klinger|x_price_impact|x_is_night|x_hurst_exponent|x_price_volume_trend|x_spread_20h|x_open_interest
121,1.7754188831362268,1.7967994962030729,0.08552245226738465,16,x_ultimate_oscillator|x_trix|x_return_5d|x_skewness|x_kurtosis|x_liquidity_indicator|x_trend_strength|x_klinger|x_price_impact|x_price_reversal_1d|x_volume_acceleration|x_hurst_exponent|x_price_volume_trend|x_open_interest,x_vwap|x_ma_ret_4h|x_ultimate_oscillator|x_trix|x_return_5d|x_skewness|x_kurtosis|x_liquidity_indicator|x_trend_strength|x_klinger|x_price_impact|x_price_reversal_1d|x_volume_acceleration|x_hurst_exponent|x_price_volume_trend|x_open_interest
132,1.7685070287508895,1.793150521401387,0.0985739706019899,15,x_stoch_d|x_trix|x_return_5d|x_skewness|x_liquidity_indicator|x_trend_strength|x_klinger|x_price_reversal_1d|x_volume_acceleration|x_hurst_exponent|x_price_volume_trend|x_spread_20h|x_open_interest,x_vwap|x_ma_ret_4h|x_stoch_d|x_trix|x_return_5d|x_skewness|x_liquidity_indicator|x_trend_strength|x_klinger|x_price_reversal_1d|x_volume_acceleration|x_hurst_exponent|x_price_volume_trend|x_spread_20h|x_open_interest
55,1.7615270392440396,1.7756390234868829,0.05644793697137294,11,x_ultimate_oscillator|x_ma_afternoon_ret|x_kurtosis|x_trend_strength|x_price_impact|x_is_night|x_price_volume_trend|x_spread_20h|x_open_interest,x_vwap|x_ma_ret_4h|x_ultimate_oscillator|x_ma_afternoon_ret|x_kurtosis|x_trend_strength|x_price_impact|x_is_night|x_price_volume_trend|x_spread_20h|x_open_interest
73,1.7597639932728555,1.7827927196977116,0.09211490569942413,17,x_stoch_k|x_trix|x_return_5d|x_ma_ret_8h|x_skewness|x_kurtosis|x_liquidity_indicator|x_trend_strength|x_klinger|x_price_impact|x_is_night|x_volume_ma_ratio|x_price_volume_trend|x_spread_20h|x_open_interest,x_vwap|x_ma_ret_4h|x_stoch_k|x_trix|x_return_5d|x_ma_ret_8h|x_skewness|x_kurtosis|x_liquidity_indicator|x_trend_strength|x_klinger|x_price_impact|x_is_night|x_volume_ma_ratio|x_price_volume_trend|x_spread_20h|x_open_interest
128,1.7575152247267982,1.7813110331911486,0.09518323385740188,18,x_ultimate_oscillator|x_trix|x_return_5d|x_skewness|x_kurtosis|x_fractal_dimension|x_liquidity_indicator|x_trend_strength|x_klinger|x_price_impact|x_price_reversal_1d|x_volume_change_rate|x_hurst_exponent|x_accumulation_distribution|x_spread_20h|x_open_interest,x_vwap|x_ma_ret_4h|x_ultimate_oscillator|x_trix|x_return_5d|x_skewness|x_kurtosis|x_fractal_dimension|x_liquidity_indicator|x_trend_strength|x_klinger|x_price_impact|x_price_reversal_1d|x_volume_change_rate|x_hurst_exponent|x_accumulation_distribution|x_spread_20h|x_open_interest
142,1.7443346037498988,1.7668870978114988,0.09020997624639981,17,x_ultimate_oscillator|x_trix|x_return_5d|x_kurtosis|x_fractal_dimension|x_liquidity_indicator|x_trend_strength|x_klinger|x_price_impact|x_price_reversal_1d|x_session_sin|x_hurst_exponent|x_accumulation_distribution|x_spread_20h|x_open_interest,x_vwap|x_ma_ret_4h|x_ultimate_oscillator|x_trix|x_return_5d|x_kurtosis|x_fractal_dimension|x_liquidity_indicator|x_trend_strength|x_klinger|x_price_impact|x_price_reversal_1d|x_session_sin|x_hurst_exponent|x_accumulation_distribution|x_spread_20h|x_open_interest
124,1.742821999133595,1.7666698494998743,0.09539140146511721,18,x_ultimate_oscillator|x_trix|x_return_5d|x_skewness|x_kurtosis|x_fractal_dimension|x_liquidity_indicator|x_trend_strength|x_klinger|x_price_impact|x_price_reversal_1d|x_volume_acceleration|x_hurst_exponent|x_price_volume_trend|x_spread_20h|x_open_interest,x_vwap|x_ma_ret_4h|x_ultimate_oscillator|x_trix|x_return_5d|x_skewness|x_kurtosis|x_fractal_dimension|x_liquidity_indicator|x_trend_strength|x_klinger|x_price_impact|x_price_reversal_1d|x_volume_acceleration|x_hurst_exponent|x_price_volume_trend|x_spread_20h|x_open_interest
61,1.7425285372946138,1.7684647780921698,0.10374496319022448,18,x_ultimate_oscillator|x_trix|x_return_5d|x_ma_ret_20h|x_skewness|x_kurtosis|x_fractal_dimension|x_liquidity_indicator|x_trend_strength|x_klinger|x_price_impact|x_price_reversal_1d|x_is_night|x_hurst_exponent|x_price_volume_trend|x_spread_20h,x_vwap|x_ma_ret_4h|x_ultimate_oscillator|x_trix|x_return_5d|x_ma_ret_20h|x_skewness|x_kurtosis|x_fractal_dimension|x_liquidity_indicator|x_trend_strength|x_klinger|x_price_impact|x_price_reversal_1d|x_is_night|x_hurst_exponent|x_price_volume_trend|x_spread_20h
135,1.7398740322055697,1.7644307793824487,0.09822698870751605,14,x_ultimate_oscillator|x_trix|x_return_5d|x_skewness|x_liquidity_indicator|x_klinger|x_price_impact|x_price_reversal_1d|x_volume_acceleration|x_hurst_exponent|x_price_volume_trend|x_open_interest,x_vwap|x_ma_ret_4h|x_ultimate_oscillator|x_trix|x_return_5d|x_skewness|x_liquidity_indicator|x_klinger|x_price_impact|x_price_reversal_1d|x_volume_acceleration|x_hurst_exponent|x_price_volume_trend|x_open_interest
33,1.7263059538179326,1.7456034315277698,0.07718991083934867,15,x_p_ret_20h|x_ma_bar_ret|x_skewness|x_kurtosis|x_high_low_ratio|x_trend_strength|x_aroon_up|x_price_impact|x_is_night|x_hurst_exponent|x_price_volume_trend|x_spread_20h|x_open_interest,x_vwap|x_ma_ret_4h|x_p_ret_20h|x_ma_bar_ret|x_skewness|x_kurtosis|x_high_low_ratio|x_trend_strength|x_aroon_up|x_price_impact|x_is_night|x_hurst_exponent|x_price_volume_trend|x_spread_20h|x_open_interest
90,1.7181367675598422,1.7382906855648246,0.08061567201992942,16,x_volume_weighted_return|x_ma_ret_6h|x_skewness|x_kurtosis|x_parkinson_volatility|x_trend_strength|x_klinger|x_price_impact|x_volume_profile_indicator|x_volume_change_rate|x_hurst_exponent|x_price_volume_trend|x_spread_20h|x_open_interest,x_vwap|x_ma_ret_4h|x_volume_weighted_return|x_ma_ret_6h|x_skewness|x_kurtosis|x_parkinson_volatility|x_trend_strength|x_klinger|x_price_impact|x_volume_profile_indicator|x_volume_change_rate|x_hurst_exponent|x_price_volume_trend|x_spread_20h|x_open_interest
89,1.7181367675598422,1.7382906855648246,0.08061567201992942,16,x_volume_weighted_return|x_ma_ret_6h|x_skewness|x_kurtosis|x_parkinson_volatility|x_trend_strength|x_klinger|x_price_impact|x_volume_profile_indicator|x_volume_change_rate|x_hurst_exponent|x_price_volume_trend|x_spread_20h|x_open_interest,x_vwap|x_ma_ret_4h|x_volume_weighted_return|x_ma_ret_6h|x_skewness|x_kurtosis|x_parkinson_volatility|x_trend_strength|x_klinger|x_price_impact|x_volume_profile_indicator|x_volume_change_rate|x_hurst_exponent|x_price_volume_trend|x_spread_20h|x_open_interest
72,1.695218328382879,1.7182718184646546,0.09221396032710272,17,x_ultimate_oscillator|x_trix|x_return_5d|x_ma_ret_8h|x_skewness|x_kurtosis|x_liquidity_indicator|x_trend_strength|x_klinger|x_price_impact|x_is_night|x_volume_ma_ratio|x_price_volume_trend|x_spread_20h|x_open_interest,x_vwap|x_ma_ret_4h|x_ultimate_oscillator|x_trix|x_return_5d|x_ma_ret_8h|x_skewness|x_kurtosis|x_liquidity_indicator|x_trend_strength|x_klinger|x_price_impact|x_is_night|x_volume_ma_ratio|x_price_volume_trend|x_spread_20h|x_open_interest
30,1.6905778725324832,1.7139442839718713,0.09346564575755248,15,x_ultimate_oscillator|x_p_ret_20h|x_ma_ret_6h|x_skewness|x_kurtosis|x_high_low_ratio|x_trend_strength|x_price_impact|x_is_night|x_hurst_exponent|x_price_volume_trend|x_spread_20h|x_open_interest,x_vwap|x_ma_ret_4h|x_ultimate_oscillator|x_p_ret_20h|x_ma_ret_6h|x_skewness|x_kurtosis|x_high_low_ratio|x_trend_strength|x_price_impact|x_is_night|x_hurst_exponent|x_price_volume_trend|x_spread_20h|x_open_interest
144,1.6832760610904303,1.7105293674111701,0.10901322528295972,15,x_stoch_d|x_trix|x_return_5d|x_ma_ret_12h|x_skewness|x_liquidity_indicator|x_trend_strength|x_klinger|x_volume_acceleration|x_hurst_exponent|x_price_volume_trend|x_spread_20h|x_open_interest,x_vwap|x_ma_ret_4h|x_stoch_d|x_trix|x_return_5d|x_ma_ret_12h|x_skewness|x_liquidity_indicator|x_trend_strength|x_klinger|x_volume_acceleration|x_hurst_exponent|x_price_volume_trend|x_spread_20h|x_open_interest
143,1.6815462514614605,1.7042767877812284,0.09092214527907112,17,x_ultimate_oscillator|x_trix|x_p_ret_20h|x_kurtosis|x_fractal_dimension|x_liquidity_indicator|x_trend_strength|x_klinger|x_price_impact|x_price_reversal_1d|x_session_sin|x_hurst_exponent|x_accumulation_distribution|x_spread_20h|x_open_interest,x_vwap|x_ma_ret_4h|x_ultimate_oscillator|x_trix|x_p_ret_20h|x_kurtosis|x_fractal_dimension|x_liquidity_indicator|x_trend_strength|x_klinger|x_price_impact|x_price_reversal_1d|x_session_sin|x_hurst_exponent|x_accumulation_distribution|x_spread_20h|x_open_interest
39,1.6667874810865286,1.695763023527199,0.11590216976268174,14,x_stoch_d|x_p_ret_20h|x_ma_ret_12h|x_skewness|x_high_low_ratio|x_aroon_up|x_price_impact|x_is_night|x_hurst_exponent|x_price_volume_trend|x_spread_20h|x_open_interest,x_vwap|x_ma_ret_4h|x_stoch_d|x_p_ret_20h|x_ma_ret_12h|x_skewness|x_high_low_ratio|x_aroon_up|x_price_impact|x_is_night|x_hurst_exponent|x_price_volume_trend|x_spread_20h|x_open_interest
23,1.6613739653439348,1.6856706942069264,0.0971869154519668,16,x_ultimate_oscillator|x_trix|x_return_5d|x_ma_ret_8h|x_skewness|x_kurtosis|x_high_low_ratio|x_trend_strength|x_price_impact|x_is_night|x_hurst_exponent|x_price_volume_trend|x_spread_20h|x_open_interest,x_vwap|x_ma_ret_4h|x_ultimate_oscillator|x_trix|x_return_5d|x_ma_ret_8h|x_skewness|x_kurtosis|x_high_low_ratio|x_trend_strength|x_price_impact|x_is_night|x_hurst_exponent|x_price_volume_trend|x_spread_20h|x_open_interest
45,1.653558757248114,1.6788060966950014,0.10098935778754953,17,x_ultimate_oscillator|x_volume_weighted_return|x_p_ret_20h|x_ma_ret_6h|x_skewness|x_kurtosis|x_high_low_ratio|x_trend_strength|x_price_impact|x_volume_profile_indicator|x_volume_change_rate|x_hurst_exponent|x_price_volume_trend|x_spread_20h|x_open_interest,x_vwap|x_ma_ret_4h|x_ultimate_oscillator|x_volume_weighted_return|x_p_ret_20h|x_ma_ret_6h|x_skewness|x_kurtosis|x_high_low_ratio|x_trend_strength|x_price_impact|x_volume_profile_indicator|x_volume_change_rate|x_hurst_exponent|x_price_volume_trend|x_spread_20h|x_open_interest
104,1.6483084994728647,1.6723585639313021,0.09620025783374916,19,x_stoch_k|x_trix|x_return_5d|x_ma_ret_20h|x_skewness|x_kurtosis|x_high_low_ratio|x_liquidity_indicator|x_trend_strength|x_klinger|x_price_impact|x_price_reversal_1d|x_volume_acceleration|x_hurst_exponent|x_price_volume_trend|x_spread_20h|x_open_interest,x_vwap|x_ma_ret_4h|x_stoch_k|x_trix|x_return_5d|x_ma_ret_20h|x_skewness|x_kurtosis|x_high_low_ratio|x_liquidity_indicator|x_trend_strength|x_klinger|x_price_impact|x_price_reversal_1d|x_volume_acceleration|x_hurst_exponent|x_price_volume_trend|x_spread_20h|x_open_interest
24,1.6476258298352653,1.6743095203650407,0.10673476211910139,16,x_ultimate_oscillator|x_volume_weighted_return|x_p_ret_20h|x_ma_ret_6h|x_skewness|x_kurtosis|x_high_low_ratio|x_trend_strength|x_price_impact|x_is_night|x_hurst_exponent|x_price_volume_trend|x_spread_20h|x_open_interest,x_vwap|x_ma_ret_4h|x_ultimate_oscillator|x_volume_weighted_return|x_p_ret_20h|x_ma_ret_6h|x_skewness|x_kurtosis|x_high_low_ratio|x_trend_strength|x_price_impact|x_is_night|x_hurst_exponent|x_price_volume_trend|x_spread_20h|x_open_interest
134,1.64673088847795,1.6692207787980728,0.08995956128049167,16,x_stoch_k|x_trix|x_return_5d|x_skewness|x_liquidity_indicator|x_trend_strength|x_klinger|x_price_impact|x_price_reversal_1d|x_session_sin|x_hurst_exponent|x_price_volume_trend|x_spread_20h|x_open_interest,x_vwap|x_ma_ret_4h|x_stoch_k|x_trix|x_return_5d|x_skewness|x_liquidity_indicator|x_trend_strength|x_klinger|x_price_impact|x_price_reversal_1d|x_session_sin|x_hurst_exponent|x_price_volume_trend|x_spread_20h|x_open_interest
150,1.6300853809956415,1.6551288852069885,0.10017401684538804,19,x_ultimate_oscillator|x_trix|x_return_5d|x_ma_ret_6h|x_skewness|x_kurtosis|x_fractal_dimension|x_liquidity_indicator|x_trend_strength|x_klinger|x_price_impact|x_price_reversal_1d|x_volume_change_rate|x_hurst_exponent|x_accumulation_distribution|x_spread_20h|x_open_interest,x_vwap|x_ma_ret_4h|x_ultimate_oscillator|x_trix|x_return_5d|x_ma_ret_6h|x_skewness|x_kurtosis|x_fractal_dimension|x_liquidity_indicator|x_trend_strength|x_klinger|x_price_impact|x_price_reversal_1d|x_volume_change_rate|x_hurst_exponent|x_accumulation_distribution|x_spread_20h|x_open_interest
145,1.6237883505258752,1.648629904982785,0.09936621782763938,14,x_ultimate_oscillator|x_trix|x_return_5d|x_skewness|x_liquidity_indicator|x_klinger|x_price_impact|x_price_reversal_1d|x_volume_change_rate|x_hurst_exponent|x_price_volume_trend|x_open_interest,x_vwap|x_ma_ret_4h|x_ultimate_oscillator|x_trix|x_return_5d|x_skewness|x_liquidity_indicator|x_klinger|x_price_impact|x_price_reversal_1d|x_volume_change_rate|x_hurst_exponent|x_price_volume_trend|x_open_interest
52,1.6178215695353075,1.646369596310952,0.11419210710257774,17,x_rsi_14d|x_trix|x_return_5d|x_ma_ret_8h|x_skewness|x_kurtosis|x_fractal_dimension|x_liquidity_indicator|x_klinger|x_price_impact|x_is_night|x_hurst_exponent|x_price_volume_trend|x_spread_12h|x_open_interest,x_vwap|x_ma_ret_4h|x_rsi_14d|x_trix|x_return_5d|x_ma_ret_8h|x_skewness|x_kurtosis|x_fractal_dimension|x_liquidity_indicator|x_klinger|x_price_impact|x_is_night|x_hurst_exponent|x_price_volume_trend|x_spread_12h|x_open_interest
129,1.6153775966610693,1.6400450800747612,0.09866993365476773,18,x_ultimate_oscillator|x_vol_weighted_return|x_return_5d|x_skewness|x_kurtosis|x_fractal_dimension|x_liquidity_indicator|x_trend_strength|x_klinger|x_price_impact|x_volume_profile_fast|x_volume_change_rate|x_hurst_exponent|x_accumulation_distribution|x_spread_20h|x_open_interest,x_vwap|x_ma_ret_4h|x_ultimate_oscillator|x_vol_weighted_return|x_return_5d|x_skewness|x_kurtosis|x_fractal_dimension|x_liquidity_indicator|x_trend_strength|x_klinger|x_price_impact|x_volume_profile_fast|x_volume_change_rate|x_hurst_exponent|x_accumulation_distribution|x_spread_20h|x_open_interest
94,1.596521101749135,1.6232553322792387,0.1069369221204147,16,x_volume_weighted_return|x_p_ret_20h|x_ma_ret_6h|x_skewness|x_kurtosis|x_fractal_dimension|x_klinger|x_price_impact|x_volume_profile_indicator|x_volume_acceleration|x_hurst_exponent|x_price_volume_trend|x_spread_20h|x_open_interest,x_vwap|x_ma_ret_4h|x_volume_weighted_return|x_p_ret_20h|x_ma_ret_6h|x_skewness|x_kurtosis|x_fractal_dimension|x_klinger|x_price_impact|x_volume_profile_indicator|x_volume_acceleration|x_hurst_exponent|x_price_volume_trend|x_spread_20h|x_open_interest
15,1.584139578586777,1.6102628779357633,0.10449319739594583,16,x_rsi_14d|x_volume_weighted_return|x_p_ret_20h|x_ma_afternoon_ret|x_high_low_ratio|x_liquidity_indicator|x_klinger|x_amihud_volatility|x_volume_profile_indicator|x_volume_acceleration|x_volume_ma_ratio|x_accumulation_distribution|x_spread_8h|x_open_interest,x_vwap|x_ma_ret_4h|x_rsi_14d|x_volume_weighted_return|x_p_ret_20h|x_ma_afternoon_ret|x_high_low_ratio|x_liquidity_indicator|x_klinger|x_amihud_volatility|x_volume_profile_indicator|x_volume_acceleration|x_volume_ma_ratio|x_accumulation_distribution|x_spread_8h|x_open_interest
20,1.5770391387432892,1.5951300903734307,0.07236380652056638,16,x_trix|x_return_5d|x_ma_afternoon_ret|x_skewness|x_kurtosis|x_parkinson_volatility|x_trend_strength|x_price_impact|x_volume_profile_fast|x_is_night|x_hurst_exponent|x_price_volume_trend|x_spread_20h|x_open_interest,x_vwap|x_ma_ret_4h|x_trix|x_return_5d|x_ma_afternoon_ret|x_skewness|x_kurtosis|x_parkinson_volatility|x_trend_strength|x_price_impact|x_volume_profile_fast|x_is_night|x_hurst_exponent|x_price_volume_trend|x_spread_20h|x_open_interest
21,1.570331455506716,1.5931396780897662,0.09123289033220033,18,x_rsi_14d|x_trix|x_return_5d|x_ma_afternoon_ret|x_skewness|x_kurtosis|x_high_low_ratio|x_trend_strength|x_klinger|x_price_impact|x_volume_profile_fast|x_volume_change_rate|x_volume_ma_ratio|x_price_volume_trend|x_spread_20h|x_open_interest,x_vwap|x_ma_ret_4h|x_rsi_14d|x_trix|x_return_5d|x_ma_afternoon_ret|x_skewness|x_kurtosis|x_high_low_ratio|x_trend_strength|x_klinger|x_price_impact|x_volume_profile_fast|x_volume_change_rate|x_volume_ma_ratio|x_price_volume_trend|x_spread_20h|x_open_interest
91,1.5647599800159995,1.584653996575052,0.07957606623620977,16,x_volume_weighted_return|x_ma_ret_6h|x_skewness|x_kurtosis|x_parkinson_volatility|x_trend_strength|x_klinger|x_price_impact|x_volume_profile_indicator|x_volume_change_rate|x_hurst_exponent|x_price_volume_trend|x_spread_12h|x_open_interest,x_vwap|x_ma_ret_4h|x_volume_weighted_return|x_ma_ret_6h|x_skewness|x_kurtosis|x_parkinson_volatility|x_trend_strength|x_klinger|x_price_impact|x_volume_profile_indicator|x_volume_change_rate|x_hurst_exponent|x_price_volume_trend|x_spread_12h|x_open_interest
116,1.5610745477259993,1.5828300191948312,0.08702188587532778,16,x_ultimate_oscillator|x_trix|x_return_5d|x_kurtosis|x_high_low_ratio|x_liquidity_indicator|x_trend_strength|x_price_jump|x_price_impact|x_price_reversal_1d|x_hurst_exponent|x_price_volume_trend|x_spread_20h|x_open_interest,x_vwap|x_ma_ret_4h|x_ultimate_oscillator|x_trix|x_return_5d|x_kurtosis|x_high_low_ratio|x_liquidity_indicator|x_trend_strength|x_price_jump|x_price_impact|x_price_reversal_1d|x_hurst_exponent|x_price_volume_trend|x_spread_20h|x_open_interest
12,1.5464314036261755,1.5631217690249923,0.06676146159526765,18,x_trix|x_return_5d|x_ma_afternoon_ret|x_skewness|x_kurtosis|x_parkinson_volatility|x_liquidity_indicator|x_trend_strength|x_price_jump|x_price_impact|x_volume_profile_indicator|x_is_night|x_hurst_exponent|x_price_volume_trend|x_spread_20h|x_open_interest,x_vwap|x_ma_ret_4h|x_trix|x_return_5d|x_ma_afternoon_ret|x_skewness|x_kurtosis|x_parkinson_volatility|x_liquidity_indicator|x_trend_strength|x_price_jump|x_price_impact|x_volume_profile_indicator|x_is_night|x_hurst_exponent|x_price_volume_trend|x_spread_20h|x_open_interest
127,1.5460486680360706,1.5680727636384468,0.08809638240950522,14,x_ultimate_oscillator|x_trix|x_return_5d|x_skewness|x_kurtosis|x_liquidity_indicator|x_trend_strength|x_klinger|x_price_impact|x_price_reversal_1d|x_is_night|x_hurst_exponent,x_vwap|x_ma_ret_4h|x_ultimate_oscillator|x_trix|x_return_5d|x_skewness|x_kurtosis|x_liquidity_indicator|x_trend_strength|x_klinger|x_price_impact|x_price_reversal_1d|x_is_night|x_hurst_exponent
137,1.5438012958957974,1.5712443028487921,0.10977202781197924,15,x_money_flow_ratio|x_momentum_20d|x_return_5d|x_skewness|x_liquidity_indicator|x_trend_strength|x_klinger|x_price_reversal_1d|x_volume_acceleration|x_hurst_exponent|x_price_volume_trend|x_spread_20h|x_open_interest,x_vwap|x_ma_ret_4h|x_money_flow_ratio|x_momentum_20d|x_return_5d|x_skewness|x_liquidity_indicator|x_trend_strength|x_klinger|x_price_reversal_1d|x_volume_acceleration|x_hurst_exponent|x_price_volume_trend|x_spread_20h|x_open_interest
74,1.5374780287772498,1.561506948279094,0.0961156780073768,17,x_ultimate_oscillator|x_trix|x_return_5d|x_ma_ret_8h|x_skewness|x_kurtosis|x_liquidity_indicator|x_trend_strength|x_aroon_up|x_price_impact|x_is_night|x_volume_ma_ratio|x_price_volume_trend|x_spread_20h|x_open_interest,x_vwap|x_ma_ret_4h|x_ultimate_oscillator|x_trix|x_return_5d|x_ma_ret_8h|x_skewness|x_kurtosis|x_liquidity_indicator|x_trend_strength|x_aroon_up|x_price_impact|x_is_night|x_volume_ma_ratio|x_price_volume_trend|x_spread_20h|x_open_interest
65,1.5254473683366412,1.5538669345968945,0.11367826504101329,15,x_ultimate_oscillator|x_vol_weighted_return|x_ma_ret_8h|x_skewness|x_fractal_dimension|x_liquidity_indicator|x_trend_strength|x_klinger|x_is_night|x_hurst_exponent|x_price_volume_trend|x_spread_20h|x_open_interest,x_vwap|x_ma_ret_4h|x_ultimate_oscillator|x_vol_weighted_return|x_ma_ret_8h|x_skewness|x_fractal_dimension|x_liquidity_indicator|x_trend_strength|x_klinger|x_is_night|x_hurst_exponent|x_price_volume_trend|x_spread_20h|x_open_interest
70,1.5177588693502253,1.5429940569302212,0.1009407503199831,15,x_momentum_20d|x_p_ret_20h|x_ma_ret_8h|x_skewness|x_kurtosis|x_trend_strength|x_aroon_up|x_price_impact|x_is_night|x_hurst_exponent|x_price_volume_trend|x_spread_20h|x_open_interest,x_vwap|x_ma_ret_4h|x_momentum_20d|x_p_ret_20h|x_ma_ret_8h|x_skewness|x_kurtosis|x_trend_strength|x_aroon_up|x_price_impact|x_is_night|x_hurst_exponent|x_price_volume_trend|x_spread_20h|x_open_interest
98,1.5168770024472458,1.5389252199076038,0.08819286984143226,15,x_volume_weighted_return|x_ma_afternoon_ret|x_skewness|x_kurtosis|x_fractal_dimension|x_trend_strength|x_klinger|x_volume_profile_fast|x_volume_change_rate|x_hurst_exponent|x_price_volume_trend|x_spread_20h|x_open_interest,x_vwap|x_ma_ret_4h|x_volume_weighted_return|x_ma_afternoon_ret|x_skewness|x_kurtosis|x_fractal_dimension|x_trend_strength|x_klinger|x_volume_profile_fast|x_volume_change_rate|x_hurst_exponent|x_price_volume_trend|x_spread_20h|x_open_interest
87,1.5118404441253552,1.5376575038643963,0.10326823895616437,17,x_stoch_k|x_trix|x_return_5d|x_ma_ret_8h|x_skewness|x_fractal_dimension|x_liquidity_indicator|x_trend_strength|x_klinger|x_price_impact|x_is_night|x_volume_ma_ratio|x_price_volume_trend|x_spread_20h|x_open_interest,x_vwap|x_ma_ret_4h|x_stoch_k|x_trix|x_return_5d|x_ma_ret_8h|x_skewness|x_fractal_dimension|x_liquidity_indicator|x_trend_strength|x_klinger|x_price_impact|x_is_night|x_volume_ma_ratio|x_price_volume_trend|x_spread_20h|x_open_interest
122,1.5106542617776233,1.5332914800378166,0.0905488730407735,17,x_ultimate_oscillator|x_trix|x_return_5d|x_ma_bar_ret|x_skewness|x_kurtosis|x_fractal_dimension|x_liquidity_indicator|x_trend_strength|x_price_impact|x_price_reversal_1d|x_volume_acceleration|x_hurst_exponent|x_price_volume_trend|x_spread_20h,x_vwap|x_ma_ret_4h|x_ultimate_oscillator|x_trix|x_return_5d|x_ma_bar_ret|x_skewness|x_kurtosis|x_fractal_dimension|x_liquidity_indicator|x_trend_strength|x_price_impact|x_price_reversal_1d|x_volume_acceleration|x_hurst_exponent|x_price_volume_trend|x_spread_20h
108,1.5033185783019654,1.531017991906895,0.11079765441971844,16,x_stoch_k|x_vol_weighted_return|x_return_5d|x_ma_ret_8h|x_skewness|x_kurtosis|x_liquidity_indicator|x_klinger|x_price_impact|x_session_sin|x_volume_ma_ratio|x_price_volume_trend|x_spread_20h|x_open_interest,x_vwap|x_ma_ret_4h|x_stoch_k|x_vol_weighted_return|x_return_5d|x_ma_ret_8h|x_skewness|x_kurtosis|x_liquidity_indicator|x_klinger|x_price_impact|x_session_sin|x_volume_ma_ratio|x_price_volume_trend|x_spread_20h|x_open_interest
113,1.502739881695978,1.5195001456871184,0.06704105596456134,15,x_return_5d|x_ma_bar_ret|x_kurtosis|x_high_low_ratio|x_trend_strength|x_aroon_up|x_price_impact|x_is_night|x_kyle_lambda_lag|x_hurst_exponent|x_price_volume_trend|x_spread_20h|x_open_interest,x_vwap|x_ma_ret_4h|x_return_5d|x_ma_bar_ret|x_kurtosis|x_high_low_ratio|x_trend_strength|x_aroon_up|x_price_impact|x_is_night|x_kyle_lambda_lag|x_hurst_exponent|x_price_volume_trend|x_spread_20h|x_open_interest
133,1.4866614745733633,1.5089851723439687,0.08929479108242194,16,x_ultimate_oscillator|x_macd_signal|x_return_5d|x_skewness|x_kurtosis|x_liquidity_indicator|x_trend_strength|x_klinger|x_amihud_volatility|x_price_reversal_1d|x_volume_acceleration|x_hurst_exponent|x_price_volume_trend|x_open_interest,x_vwap|x_ma_ret_4h|x_ultimate_oscillator|x_macd_signal|x_return_5d|x_skewness|x_kurtosis|x_liquidity_indicator|x_trend_strength|x_klinger|x_amihud_volatility|x_price_reversal_1d|x_volume_acceleration|x_hurst_exponent|x_price_volume_trend|x_open_interest
141,1.4824704613743085,1.509161102432977,0.10676256423467431,14,x_money_flow_index|x_momentum_20d|x_return_5d|x_skewness|x_liquidity_indicator|x_klinger|x_price_impact|x_price_reversal_1d|x_volume_acceleration|x_hurst_exponent|x_price_volume_trend|x_open_interest,x_vwap|x_ma_ret_4h|x_money_flow_index|x_momentum_20d|x_return_5d|x_skewness|x_liquidity_indicator|x_klinger|x_price_impact|x_price_reversal_1d|x_volume_acceleration|x_hurst_exponent|x_price_volume_trend|x_open_interest
40,1.4810731907028998,1.5138734825832747,0.13120116752149985,16,x_stoch_d|x_macd_signal|x_p_ret_20h|x_ma_ret_12h|x_skewness|x_high_low_ratio|x_aroon_up|x_linearreg_ma|x_is_night|x_kyle_lambda_lag|x_hurst_exponent|x_price_volume_trend|x_spread_20h|x_open_interest,x_vwap|x_ma_ret_4h|x_stoch_d|x_macd_signal|x_p_ret_20h|x_ma_ret_12h|x_skewness|x_high_low_ratio|x_aroon_up|x_linearreg_ma|x_is_night|x_kyle_lambda_lag|x_hurst_exponent|x_price_volume_trend|x_spread_20h|x_open_interest
85,1.4748025882348939,1.501235330809835,0.10573097029976404,18,x_ultimate_oscillator|x_trix|x_return_5d|x_ma_ret_8h|x_skewness|x_kurtosis|x_fractal_dimension|x_liquidity_indicator|x_trend_strength|x_klinger|x_price_impact|x_linearreg_ma|x_is_night|x_hurst_exponent|x_price_volume_trend|x_open_interest,x_vwap|x_ma_ret_4h|x_ultimate_oscillator|x_trix|x_return_5d|x_ma_ret_8h|x_skewness|x_kurtosis|x_fractal_dimension|x_liquidity_indicator|x_trend_strength|x_klinger|x_price_impact|x_linearreg_ma|x_is_night|x_hurst_exponent|x_price_volume_trend|x_open_interest
118,1.4655567878848228,1.4905944839567933,0.10015078428788164,16,x_rsi_14d|x_trix|x_return_5d|x_skewness|x_kurtosis|x_liquidity_indicator|x_klinger|x_price_impact|x_price_reversal_1d|x_volume_acceleration|x_relative_volume|x_price_volume_trend|x_spread_20h|x_open_interest,x_vwap|x_ma_ret_4h|x_rsi_14d|x_trix|x_return_5d|x_skewness|x_kurtosis|x_liquidity_indicator|x_klinger|x_price_impact|x_price_reversal_1d|x_volume_acceleration|x_relative_volume|x_price_volume_trend|x_spread_20h|x_open_interest
67,1.4640964776700849,1.489376060228644,0.10111833023423708,15,x_stoch_d|x_macd_signal|x_p_ret_20h|x_ma_bar_ret|x_skewness|x_kurtosis|x_high_low_ratio|x_trend_strength|x_aroon_up|x_price_impact|x_is_night|x_spread_20h|x_open_interest,x_vwap|x_ma_ret_4h|x_stoch_d|x_macd_signal|x_p_ret_20h|x_ma_bar_ret|x_skewness|x_kurtosis|x_high_low_ratio|x_trend_strength|x_aroon_up|x_price_impact|x_is_night|x_spread_20h|x_open_interest
96,1.4615460629190007,1.4820449241289357,0.08199544483973978,13,x_vol_weighted_return|x_ma_ret_6h|x_skewness|x_trend_strength|x_klinger|x_price_impact|x_volume_profile_indicator|x_volume_change_rate|x_hurst_exponent|x_spread_20h|x_open_interest,x_vwap|x_ma_ret_4h|x_vol_weighted_return|x_ma_ret_6h|x_skewness|x_trend_strength|x_klinger|x_price_impact|x_volume_profile_indicator|x_volume_change_rate|x_hurst_exponent|x_spread_20h|x_open_interest
138,1.4555977230293788,1.48015832004345,0.09824238805628466,18,x_ultimate_oscillator|x_volume_weighted_return|x_return_5d|x_skewness|x_kurtosis|x_fractal_dimension|x_liquidity_indicator|x_trend_strength|x_klinger|x_price_impact|x_volume_profile_indicator|x_volume_acceleration|x_hurst_exponent|x_price_volume_trend|x_spread_20h|x_open_interest,x_vwap|x_ma_ret_4h|x_ultimate_oscillator|x_volume_weighted_return|x_return_5d|x_skewness|x_kurtosis|x_fractal_dimension|x_liquidity_indicator|x_trend_strength|x_klinger|x_price_impact|x_volume_profile_indicator|x_volume_acceleration|x_hurst_exponent|x_price_volume_trend|x_spread_20h|x_open_interest
110,1.4546329851711348,1.4714189235616724,0.06714375356215044,16,x_ma_ret_6h|x_skewness|x_kurtosis|x_parkinson_volatility|x_trend_strength|x_klinger|x_amihud_volatility|x_volume_profile_indicator|x_volume_change_rate|x_kyle_lambda_lag|x_hurst_exponent|x_price_volume_trend|x_spread_20h|x_open_interest,x_vwap|x_ma_ret_4h|x_ma_ret_6h|x_skewness|x_kurtosis|x_parkinson_volatility|x_trend_strength|x_klinger|x_amihud_volatility|x_volume_profile_indicator|x_volume_change_rate|x_kyle_lambda_lag|x_hurst_exponent|x_price_volume_trend|x_spread_20h|x_open_interest
78,1.440639678820752,1.4623662762735563,0.0869063898112174,16,x_macd_signal|x_p_ret_20h|x_ma_bar_ret|x_skewness|x_kurtosis|x_high_low_ratio|x_trend_strength|x_aroon_up|x_amihud_volatility|x_is_night|x_hurst_exponent|x_price_volume_trend|x_spread_20h|x_open_interest,x_vwap|x_ma_ret_4h|x_macd_signal|x_p_ret_20h|x_ma_bar_ret|x_skewness|x_kurtosis|x_high_low_ratio|x_trend_strength|x_aroon_up|x_amihud_volatility|x_is_night|x_hurst_exponent|x_price_volume_trend|x_spread_20h|x_open_interest
79,1.435220713362684,1.4649398596464236,0.11887658513495833,15,x_ultimate_oscillator|x_return_5d|x_ma_ret_20h|x_skewness|x_kurtosis|x_fractal_dimension|x_liquidity_indicator|x_klinger|x_price_impact|x_price_reversal_1d|x_volume_change_rate|x_price_volume_trend|x_spread_20h,x_vwap|x_ma_ret_4h|x_ultimate_oscillator|x_return_5d|x_ma_ret_20h|x_skewness|x_kurtosis|x_fractal_dimension|x_liquidity_indicator|x_klinger|x_price_impact|x_price_reversal_1d|x_volume_change_rate|x_price_volume_trend|x_spread_20h
32,1.4296919381181572,1.452383214495303,0.09076510550858337,13,x_ultimate_oscillator|x_trix|x_ma_ret_8h|x_skewness|x_kurtosis|x_high_low_ratio|x_trend_strength|x_price_impact|x_hurst_exponent|x_spread_20h|x_open_interest,x_vwap|x_ma_ret_4h|x_ultimate_oscillator|x_trix|x_ma_ret_8h|x_skewness|x_kurtosis|x_high_low_ratio|x_trend_strength|x_price_impact|x_hurst_exponent|x_spread_20h|x_open_interest
41,1.4222870111593413,1.4465900330757118,0.09721208766548178,15,x_rsi_14d|x_p_ret_20h|x_ma_ret_12h|x_skewness|x_high_low_ratio|x_liquidity_indicator|x_price_jump|x_price_impact|x_volume_change_rate|x_hurst_exponent|x_price_volume_trend|x_spread_20h|x_open_interest,x_vwap|x_ma_ret_4h|x_rsi_14d|x_p_ret_20h|x_ma_ret_12h|x_skewness|x_high_low_ratio|x_liquidity_indicator|x_price_jump|x_price_impact|x_volume_change_rate|x_hurst_exponent|x_price_volume_trend|x_spread_20h|x_open_interest
25,1.4221636916859148,1.4548531630267123,0.13075788536318964,14,x_ultimate_oscillator|x_volume_weighted_return|x_return_5d|x_ma_ret_6h|x_skewness|x_kurtosis|x_high_low_ratio|x_trend_strength|x_volume_ma_ratio|x_price_volume_trend|x_spread_20h|x_open_interest,x_vwap|x_ma_ret_4h|x_ultimate_oscillator|x_volume_weighted_return|x_return_5d|x_ma_ret_6h|x_skewness|x_kurtosis|x_high_low_ratio|x_trend_strength|x_volume_ma_ratio|x_price_volume_trend|x_spread_20h|x_open_interest
126,1.4189650508052516,1.4370755379927251,0.0724419487498943,16,x_trix|x_ma_ret_6h|x_skewness|x_kurtosis|x_parkinson_volatility|x_trend_strength|x_klinger|x_price_impact|x_volume_profile_indicator|x_volume_acceleration|x_volume_ma_ratio|x_price_volume_trend|x_spread_20h|x_open_interest,x_vwap|x_ma_ret_4h|x_trix|x_ma_ret_6h|x_skewness|x_kurtosis|x_parkinson_volatility|x_trend_strength|x_klinger|x_price_impact|x_volume_profile_indicator|x_volume_acceleration|x_volume_ma_ratio|x_price_volume_trend|x_spread_20h|x_open_interest
69,1.4180064690730703,1.4388249244668896,0.0832738215752774,17,x_ultimate_oscillator|x_volume_weighted_return|x_ma_ret_20h|x_skewness|x_kurtosis|x_parkinson_volatility|x_trend_strength|x_price_jump|x_price_impact|x_volume_profile_indicator|x_volume_change_rate|x_hurst_exponent|x_price_volume_trend|x_spread_8h|x_open_interest,x_vwap|x_ma_ret_4h|x_ultimate_oscillator|x_volume_weighted_return|x_ma_ret_20h|x_skewness|x_kurtosis|x_parkinson_volatility|x_trend_strength|x_price_jump|x_price_impact|x_volume_profile_indicator|x_volume_change_rate|x_hurst_exponent|x_price_volume_trend|x_spread_8h|x_open_interest
83,1.4115807993559066,1.4349219751524913,0.09336470318633859,15,x_stoch_k|x_trix|x_p_ret_20h|x_skewness|x_kurtosis|x_trend_strength|x_klinger|x_price_impact|x_is_night|x_volume_ma_ratio|x_price_volume_trend|x_spread_20h|x_open_interest,x_vwap|x_ma_ret_4h|x_stoch_k|x_trix|x_p_ret_20h|x_skewness|x_kurtosis|x_trend_strength|x_klinger|x_price_impact|x_is_night|x_volume_ma_ratio|x_price_volume_trend|x_spread_20h|x_open_interest
86,1.408473195307783,1.4296487910135984,0.08470238282326188,18,x_stoch_k|x_trix|x_return_5d|x_ma_ret_8h|x_skewness|x_kurtosis|x_liquidity_indicator|x_trend_strength|x_klinger|x_price_impact|x_is_night|x_kyle_lambda_lag|x_volume_ma_ratio|x_price_volume_trend|x_spread_8h|x_open_interest,x_vwap|x_ma_ret_4h|x_stoch_k|x_trix|x_return_5d|x_ma_ret_8h|x_skewness|x_kurtosis|x_liquidity_indicator|x_trend_strength|x_klinger|x_price_impact|x_is_night|x_kyle_lambda_lag|x_volume_ma_ratio|x_price_volume_trend|x_spread_8h|x_open_interest
80,1.406460502360165,1.428051659695168,0.08636462934001189,16,x_money_flow_index|x_trix|x_return_5d|x_ma_ret_12h|x_kurtosis|x_liquidity_indicator|x_trend_strength|x_klinger|x_price_impact|x_is_night|x_volume_ma_ratio|x_price_volume_trend|x_spread_20h|x_open_interest,x_vwap|x_ma_ret_4h|x_money_flow_index|x_trix|x_return_5d|x_ma_ret_12h|x_kurtosis|x_liquidity_indicator|x_trend_strength|x_klinger|x_price_impact|x_is_night|x_volume_ma_ratio|x_price_volume_trend|x_spread_20h|x_open_interest
27,1.3935805556551475,1.419418169073861,0.10335045367485397,14,x_ultimate_oscillator|x_trix|x_return_5d|x_ma_ret_6h|x_kurtosis|x_high_low_ratio|x_price_impact|x_is_night|x_hurst_exponent|x_price_volume_trend|x_spread_12h|x_open_interest,x_vwap|x_ma_ret_4h|x_ultimate_oscillator|x_trix|x_return_5d|x_ma_ret_6h|x_kurtosis|x_high_low_ratio|x_price_impact|x_is_night|x_hurst_exponent|x_price_volume_trend|x_spread_12h|x_open_interest
81,1.3902947515342143,1.4159055410383923,0.10244315801671147,16,x_money_flow_index|x_volume_weighted_return|x_return_5d|x_ma_ret_8h|x_skewness|x_liquidity_indicator|x_trend_strength|x_klinger|x_price_impact|x_volume_acceleration|x_volume_ma_ratio|x_price_volume_trend|x_spread_20h|x_open_interest,x_vwap|x_ma_ret_4h|x_money_flow_index|x_volume_weighted_return|x_return_5d|x_ma_ret_8h|x_skewness|x_liquidity_indicator|x_trend_strength|x_klinger|x_price_impact|x_volume_acceleration|x_volume_ma_ratio|x_price_volume_trend|x_spread_20h|x_open_interest
66,1.3820637387681574,1.4032507769552662,0.08474815274843522,15,x_ultimate_oscillator|x_volume_weighted_return|x_ma_ret_8h|x_kurtosis|x_parkinson_volatility|x_price_jump|x_price_impact|x_volume_profile_indicator|x_volume_change_rate|x_hurst_exponent|x_price_volume_trend|x_spread_20h|x_open_interest,x_vwap|x_ma_ret_4h|x_ultimate_oscillator|x_volume_weighted_return|x_ma_ret_8h|x_kurtosis|x_parkinson_volatility|x_price_jump|x_price_impact|x_volume_profile_indicator|x_volume_change_rate|x_hurst_exponent|x_price_volume_trend|x_spread_20h|x_open_interest
100,1.3783334946034629,1.4016466888236294,0.09325277688066605,17,x_stoch_d|x_macd_signal|x_ma_ret_8h|x_skewness|x_kurtosis|x_parkinson_volatility|x_trend_strength|x_klinger|x_price_impact|x_linearreg_ma|x_volume_change_rate|x_hurst_exponent|x_price_volume_trend|x_spread_20h|x_open_interest,x_vwap|x_ma_ret_4h|x_stoch_d|x_macd_signal|x_ma_ret_8h|x_skewness|x_kurtosis|x_parkinson_volatility|x_trend_strength|x_klinger|x_price_impact|x_linearreg_ma|x_volume_change_rate|x_hurst_exponent|x_price_volume_trend|x_spread_20h|x_open_interest
148,1.3673179241339557,1.3907068918786165,0.09355587097864333,18,x_ultimate_oscillator|x_trix|x_return_5d|x_skewness|x_kurtosis|x_fractal_dimension|x_liquidity_indicator|x_trend_strength|x_klinger|x_price_impact|x_price_reversal_1d|x_volume_acceleration|x_relative_volume|x_price_volume_trend|x_spread_20h|x_open_interest,x_vwap|x_ma_ret_4h|x_ultimate_oscillator|x_trix|x_return_5d|x_skewness|x_kurtosis|x_fractal_dimension|x_liquidity_indicator|x_trend_strength|x_klinger|x_price_impact|x_price_reversal_1d|x_volume_acceleration|x_relative_volume|x_price_volume_trend|x_spread_20h|x_open_interest
76,1.3636514089647795,1.3821058141392166,0.07381762069774835,14,x_ma_ret_12h|x_skewness|x_kurtosis|x_high_low_ratio|x_trend_strength|x_aroon_up|x_price_impact|x_is_night|x_hurst_exponent|x_price_volume_trend|x_spread_12h|x_open_interest,x_vwap|x_ma_ret_4h|x_ma_ret_12h|x_skewness|x_kurtosis|x_high_low_ratio|x_trend_strength|x_aroon_up|x_price_impact|x_is_night|x_hurst_exponent|x_price_volume_trend|x_spread_12h|x_open_interest
99,1.3481241122826761,1.365953712538522,0.07131840102338285,15,x_volume_weighted_return|x_ma_afternoon_ret|x_kurtosis|x_parkinson_volatility|x_trend_strength|x_klinger|x_price_impact|x_linearreg_ma|x_is_night|x_hurst_exponent|x_price_volume_trend|x_spread_20h|x_open_interest,x_vwap|x_ma_ret_4h|x_volume_weighted_return|x_ma_afternoon_ret|x_kurtosis|x_parkinson_volatility|x_trend_strength|x_klinger|x_price_impact|x_linearreg_ma|x_is_night|x_hurst_exponent|x_price_volume_trend|x_spread_20h|x_open_interest
130,1.3446052578382954,1.3694661111885047,0.09944341340083736,16,x_rsi_14d|x_trix|x_return_5d|x_skewness|x_kurtosis|x_high_low_ratio|x_liquidity_indicator|x_trend_strength|x_klinger|x_price_impact|x_price_reversal_1d|x_volume_acceleration|x_price_volume_trend|x_spread_20h,x_vwap|x_ma_ret_4h|x_rsi_14d|x_trix|x_return_5d|x_skewness|x_kurtosis|x_high_low_ratio|x_liquidity_indicator|x_trend_strength|x_klinger|x_price_impact|x_price_reversal_1d|x_volume_acceleration|x_price_volume_trend|x_spread_20h
136,1.3430641667447452,1.3653947161848998,0.0893221977606191,16,x_ultimate_oscillator|x_trix|x_return_5d|x_skewness|x_liquidity_indicator|x_trend_strength|x_klinger|x_price_impact|x_price_reversal_1d|x_volume_acceleration|x_hurst_exponent|x_price_volume_trend|x_spread_12h|x_open_interest,x_vwap|x_ma_ret_4h|x_ultimate_oscillator|x_trix|x_return_5d|x_skewness|x_liquidity_indicator|x_trend_strength|x_klinger|x_price_impact|x_price_reversal_1d|x_volume_acceleration|x_hurst_exponent|x_price_volume_trend|x_spread_12h|x_open_interest
75,1.336757585985808,1.3630912818463365,0.10533478344211347,15,x_stoch_k|x_trix|x_return_5d|x_ma_ret_8h|x_skewness|x_kurtosis|x_liquidity_indicator|x_trend_strength|x_klinger|x_volume_acceleration|x_volume_ma_ratio|x_spread_20h|x_open_interest,x_vwap|x_ma_ret_4h|x_stoch_k|x_trix|x_return_5d|x_ma_ret_8h|x_skewness|x_kurtosis|x_liquidity_indicator|x_trend_strength|x_klinger|x_volume_acceleration|x_volume_ma_ratio|x_spread_20h|x_open_interest
60,1.3302123570282869,1.3528640259265976,0.0906066755932429,16,x_stoch_d|x_p_ret_20h|x_ma_bar_ret|x_skewness|x_kurtosis|x_high_low_ratio|x_aroon_up|x_price_impact|x_volume_profile_indicator|x_is_night|x_hurst_exponent|x_price_volume_trend|x_spread_20h|x_open_interest,x_vwap|x_ma_ret_4h|x_stoch_d|x_p_ret_20h|x_ma_bar_ret|x_skewness|x_kurtosis|x_high_low_ratio|x_aroon_up|x_price_impact|x_volume_profile_indicator|x_is_night|x_hurst_exponent|x_price_volume_trend|x_spread_20h|x_open_interest
117,1.3269268938544576,1.3475228714535747,0.08238391039646874,16,x_ultimate_oscillator|x_vol_weighted_return|x_ma_ret_6h|x_skewness|x_kurtosis|x_parkinson_volatility|x_trend_strength|x_price_jump|x_price_impact|x_volume_profile_indicator|x_volume_change_rate|x_hurst_exponent|x_price_volume_trend|x_spread_20h,x_vwap|x_ma_ret_4h|x_ultimate_oscillator|x_vol_weighted_return|x_ma_ret_6h|x_skewness|x_kurtosis|x_parkinson_volatility|x_trend_strength|x_price_jump|x_price_impact|x_volume_profile_indicator|x_volume_change_rate|x_hurst_exponent|x_price_volume_trend|x_spread_20h
53,1.3209408230897803,1.3474222989138325,0.10592590329620832,18,x_ultimate_oscillator|x_trix|x_return_5d|x_ma_ret_8h|x_skewness|x_kurtosis|x_fractal_dimension|x_liquidity_indicator|x_trend_strength|x_klinger|x_amihud_volatility|x_volume_change_rate|x_hurst_exponent|x_price_volume_trend|x_spread_20h|x_open_interest,x_vwap|x_ma_ret_4h|x_ultimate_oscillator|x_trix|x_return_5d|x_ma_ret_8h|x_skewness|x_kurtosis|x_fractal_dimension|x_liquidity_indicator|x_trend_strength|x_klinger|x_amihud_volatility|x_volume_change_rate|x_hurst_exponent|x_price_volume_trend|x_spread_20h|x_open_interest
8,1.3183663362056979,1.343441805175323,0.1003018758785003,15,x_stoch_d|x_volume_weighted_return|x_return_5d|x_ma_ret_8h|x_parkinson_volatility|x_trend_strength|x_price_jump|x_volume_profile_indicator|x_session_sin|x_kyle_lambda_lag|x_accumulation_distribution|x_spread_20h|x_open_interest,x_vwap|x_ma_ret_4h|x_stoch_d|x_volume_weighted_return|x_return_5d|x_ma_ret_8h|x_parkinson_volatility|x_trend_strength|x_price_jump|x_volume_profile_indicator|x_session_sin|x_kyle_lambda_lag|x_accumulation_distribution|x_spread_20h|x_open_interest
63,1.3164925712952635,1.3441710113281156,0.11071376013140817,15,x_stoch_d|x_p_ret_20h|x_ma_ret_12h|x_skewness|x_fractal_dimension|x_klinger|x_price_impact|x_volume_profile_fast|x_is_night|x_hurst_exponent|x_price_volume_trend|x_spread_20h|x_open_interest,x_vwap|x_ma_ret_4h|x_stoch_d|x_p_ret_20h|x_ma_ret_12h|x_skewness|x_fractal_dimension|x_klinger|x_price_impact|x_volume_profile_fast|x_is_night|x_hurst_exponent|x_price_volume_trend|x_spread_20h|x_open_interest
46,1.3157184635304429,1.3411838551357762,0.10186156642133301,16,x_stoch_k|x_p_ret_20h|x_ma_ret_12h|x_skewness|x_high_low_ratio|x_trend_strength|x_aroon_up|x_price_impact|x_volume_profile_indicator|x_is_night|x_hurst_exponent|x_accumulation_distribution|x_spread_20h|x_open_interest,x_vwap|x_ma_ret_4h|x_stoch_k|x_p_ret_20h|x_ma_ret_12h|x_skewness|x_high_low_ratio|x_trend_strength|x_aroon_up|x_price_impact|x_volume_profile_indicator|x_is_night|x_hurst_exponent|x_accumulation_distribution|x_spread_20h|x_open_interest
146,1.293154062387313,1.3134610857655957,0.08122809351313051,15,x_ultimate_oscillator|x_trix|x_skewness|x_kurtosis|x_high_low_ratio|x_liquidity_indicator|x_klinger|x_price_impact|x_price_reversal_1d|x_volume_acceleration|x_relative_volume|x_spread_20h|x_open_interest,x_vwap|x_ma_ret_4h|x_ultimate_oscillator|x_trix|x_skewness|x_kurtosis|x_high_low_ratio|x_liquidity_indicator|x_klinger|x_price_impact|x_price_reversal_1d|x_volume_acceleration|x_relative_volume|x_spread_20h|x_open_interest
36,1.2921933235394505,1.319690876667307,0.1099902125114257,18,x_rsi_14d|x_volume_weighted_return|x_p_ret_20h|x_ma_bar_ret|x_skewness|x_kurtosis|x_high_low_ratio|x_trend_strength|x_aroon_up|x_price_impact|x_price_reversal_1d|x_is_night|x_hurst_exponent|x_price_volume_trend|x_spread_12h|x_open_interest,x_vwap|x_ma_ret_4h|x_rsi_14d|x_volume_weighted_return|x_p_ret_20h|x_ma_bar_ret|x_skewness|x_kurtosis|x_high_low_ratio|x_trend_strength|x_aroon_up|x_price_impact|x_price_reversal_1d|x_is_night|x_hurst_exponent|x_price_volume_trend|x_spread_12h|x_open_interest
37,1.291873090932971,1.311732816824876,0.07943890356762019,15,x_stoch_k|x_p_ret_20h|x_ma_ret_6h|x_skewness|x_kurtosis|x_trend_strength|x_price_impact|x_is_night|x_kyle_lambda_lag|x_relative_volume|x_price_volume_trend|x_spread_20h|x_open_interest,x_vwap|x_ma_ret_4h|x_stoch_k|x_p_ret_20h|x_ma_ret_6h|x_skewness|x_kurtosis|x_trend_strength|x_price_impact|x_is_night|x_kyle_lambda_lag|x_relative_volume|x_price_volume_trend|x_spread_20h|x_open_interest
114,1.2882062412013215,1.3083684844229466,0.08064897288650036,17,x_money_flow_index|x_trix|x_return_5d|x_kurtosis|x_high_low_ratio|x_liquidity_indicator|x_klinger|x_price_impact|x_price_reversal_1d|x_volume_acceleration|x_kyle_lambda_lag|x_relative_volume|x_price_volume_trend|x_spread_20h|x_open_interest,x_vwap|x_ma_ret_4h|x_money_flow_index|x_trix|x_return_5d|x_kurtosis|x_high_low_ratio|x_liquidity_indicator|x_klinger|x_price_impact|x_price_reversal_1d|x_volume_acceleration|x_kyle_lambda_lag|x_relative_volume|x_price_volume_trend|x_spread_20h|x_open_interest
120,1.2807513315403078,1.3031649066557633,0.08965430046182221,13,x_ultimate_oscillator|x_p_ret_20h|x_skewness|x_kurtosis|x_high_low_ratio|x_trend_strength|x_price_impact|x_volume_change_rate|x_price_volume_trend|x_spread_20h|x_open_interest,x_vwap|x_ma_ret_4h|x_ultimate_oscillator|x_p_ret_20h|x_skewness|x_kurtosis|x_high_low_ratio|x_trend_strength|x_price_impact|x_volume_change_rate|x_price_volume_trend|x_spread_20h|x_open_interest
71,1.2778367544675733,1.294844542558514,0.06803115236376286,11,x_return_5d|x_skewness|x_high_low_ratio|x_price_jump|x_price_impact|x_is_night|x_hurst_exponent|x_spread_20h|x_open_interest,x_vwap|x_ma_ret_4h|x_return_5d|x_skewness|x_high_low_ratio|x_price_jump|x_price_impact|x_is_night|x_hurst_exponent|x_spread_20h|x_open_interest
123,1.2711340098015433,1.2913468614677903,0.08085140666498748,16,x_money_flow_ratio|x_trix|x_return_5d|x_skewness|x_kurtosis|x_liquidity_indicator|x_trend_strength|x_klinger|x_price_impact|x_volume_profile_fast|x_volume_acceleration|x_hurst_exponent|x_price_volume_trend|x_open_interest,x_vwap|x_ma_ret_4h|x_money_flow_ratio|x_trix|x_return_5d|x_skewness|x_kurtosis|x_liquidity_indicator|x_trend_strength|x_klinger|x_price_impact|x_volume_profile_fast|x_volume_acceleration|x_hurst_exponent|x_price_volume_trend|x_open_interest
68,1.2687622290132645,1.2942959254061306,0.10213478557146449,12,x_stoch_d|x_p_ret_20h|x_parkinson_volatility|x_aroon_up|x_price_impact|x_is_night|x_hurst_exponent|x_price_volume_trend|x_spread_20h|x_open_interest,x_vwap|x_ma_ret_4h|x_stoch_d|x_p_ret_20h|x_parkinson_volatility|x_aroon_up|x_price_impact|x_is_night|x_hurst_exponent|x_price_volume_trend|x_spread_20h|x_open_interest
93,1.2676747954268188,1.2940905152864637,0.10566287943857931,16,x_stoch_k|x_momentum_20d|x_ma_ret_6h|x_skewness|x_kurtosis|x_parkinson_volatility|x_trend_strength|x_klinger|x_price_impact|x_volume_profile_indicator|x_hurst_exponent|x_accumulation_distribution|x_spread_20h|x_open_interest,x_vwap|x_ma_ret_4h|x_stoch_k|x_momentum_20d|x_ma_ret_6h|x_skewness|x_kurtosis|x_parkinson_volatility|x_trend_strength|x_klinger|x_price_impact|x_volume_profile_indicator|x_hurst_exponent|x_accumulation_distribution|x_spread_20h|x_open_interest
22,1.2556986162155535,1.2771094873579532,0.08564348456959917,19,x_rsi_14d|x_trix|x_return_5d|x_ma_afternoon_ret|x_skewness|x_kurtosis|x_high_low_ratio|x_liquidity_indicator|x_trend_strength|x_klinger|x_price_impact|x_volume_profile_fast|x_volume_change_rate|x_volume_ma_ratio|x_price_volume_trend|x_spread_20h|x_open_interest,x_vwap|x_ma_ret_4h|x_rsi_14d|x_trix|x_return_5d|x_ma_afternoon_ret|x_skewness|x_kurtosis|x_high_low_ratio|x_liquidity_indicator|x_trend_strength|x_klinger|x_price_impact|x_volume_profile_fast|x_volume_change_rate|x_volume_ma_ratio|x_price_volume_trend|x_spread_20h|x_open_interest
62,1.2538744988640471,1.2788701592224274,0.09998264143352083,18,x_ultimate_oscillator|x_trix|x_return_5d|x_ma_ret_20h|x_skewness|x_kurtosis|x_fractal_dimension|x_liquidity_indicator|x_trend_strength|x_klinger|x_price_impact|x_volume_profile_fast|x_is_night|x_hurst_exponent|x_price_volume_trend|x_spread_20h,x_vwap|x_ma_ret_4h|x_ultimate_oscillator|x_trix|x_return_5d|x_ma_ret_20h|x_skewness|x_kurtosis|x_fractal_dimension|x_liquidity_indicator|x_trend_strength|x_klinger|x_price_impact|x_volume_profile_fast|x_is_night|x_hurst_exponent|x_price_volume_trend|x_spread_20h
34,1.2537769974777337,1.2708578475906513,0.06832340045167004,15,x_p_ret_20h|x_ma_bar_ret|x_skewness|x_kurtosis|x_high_low_ratio|x_liquidity_indicator|x_trend_strength|x_price_impact|x_is_night|x_hurst_exponent|x_price_volume_trend|x_spread_20h|x_open_interest,x_vwap|x_ma_ret_4h|x_p_ret_20h|x_ma_bar_ret|x_skewness|x_kurtosis|x_high_low_ratio|x_liquidity_indicator|x_trend_strength|x_price_impact|x_is_night|x_hurst_exponent|x_price_volume_trend|x_spread_20h|x_open_interest
115,1.2522235578485612,1.275704702115236,0.09392457706669884,18,x_stoch_d|x_trix|x_p_ret_20h|x_ma_bar_ret|x_skewness|x_kurtosis|x_fractal_dimension|x_liquidity_indicator|x_trend_strength|x_klinger|x_price_impact|x_is_night|x_hurst_exponent|x_price_volume_trend|x_spread_20h|x_open_interest,x_vwap|x_ma_ret_4h|x_stoch_d|x_trix|x_p_ret_20h|x_ma_bar_ret|x_skewness|x_kurtosis|x_fractal_dimension|x_liquidity_indicator|x_trend_strength|x_klinger|x_price_impact|x_is_night|x_hurst_exponent|x_price_volume_trend|x_spread_20h|x_open_interest
13,1.24233380771002,1.2582197320055362,0.06354369718206446,15,x_stoch_d|x_volume_weighted_return|x_ma_afternoon_ret|x_skewness|x_parkinson_volatility|x_liquidity_indicator|x_trend_strength|x_price_jump|x_volume_profile_indicator|x_session_sin|x_kyle_lambda_lag|x_hurst_exponent|x_spread_8h,x_vwap|x_ma_ret_4h|x_stoch_d|x_volume_weighted_return|x_ma_afternoon_ret|x_skewness|x_parkinson_volatility|x_liquidity_indicator|x_trend_strength|x_price_jump|x_volume_profile_indicator|x_session_sin|x_kyle_lambda_lag|x_hurst_exponent|x_spread_8h
56,1.2416312656663848,1.2537495779200083,0.04847324901449406,12,x_money_flow_index|x_ma_afternoon_ret|x_kurtosis|x_trend_strength|x_price_impact|x_is_night|x_kyle_lambda_lag|x_price_volume_trend|x_spread_12h|x_open_interest,x_vwap|x_ma_ret_4h|x_money_flow_index|x_ma_afternoon_ret|x_kurtosis|x_trend_strength|x_price_impact|x_is_night|x_kyle_lambda_lag|x_price_volume_trend|x_spread_12h|x_open_interest
95,1.2337216740500632,1.2587344996329495,0.10005130233154534,18,x_rsi_14d|x_vol_weighted_return|x_return_5d|x_ma_ret_8h|x_skewness|x_kurtosis|x_liquidity_indicator|x_trend_strength|x_klinger|x_price_impact|x_volume_profile_fast|x_is_night|x_relative_volume|x_price_volume_trend|x_spread_20h|x_open_interest,x_vwap|x_ma_ret_4h|x_rsi_14d|x_vol_weighted_return|x_return_5d|x_ma_ret_8h|x_skewness|x_kurtosis|x_liquidity_indicator|x_trend_strength|x_klinger|x_price_impact|x_volume_profile_fast|x_is_night|x_relative_volume|x_price_volume_trend|x_spread_20h|x_open_interest
48,1.2300311230495773,1.252232173687188,0.08880420255044263,17,x_ultimate_oscillator|x_volume_weighted_return|x_ma_ret_6h|x_skewness|x_kurtosis|x_parkinson_volatility|x_trend_strength|x_price_jump|x_price_impact|x_price_reversal_1d|x_volume_acceleration|x_hurst_exponent|x_price_volume_trend|x_spread_20h|x_open_interest,x_vwap|x_ma_ret_4h|x_ultimate_oscillator|x_volume_weighted_return|x_ma_ret_6h|x_skewness|x_kurtosis|x_parkinson_volatility|x_trend_strength|x_price_jump|x_price_impact|x_price_reversal_1d|x_volume_acceleration|x_hurst_exponent|x_price_volume_trend|x_spread_20h|x_open_interest
88,1.2260230841203499,1.2470182595535728,0.08398070173289203,17,x_ultimate_oscillator|x_trix|x_ma_ret_8h|x_skewness|x_kurtosis|x_liquidity_indicator|x_trend_strength|x_klinger|x_price_impact|x_price_reversal_1d|x_is_night|x_volume_ma_ratio|x_accumulation_distribution|x_spread_20h|x_open_interest,x_vwap|x_ma_ret_4h|x_ultimate_oscillator|x_trix|x_ma_ret_8h|x_skewness|x_kurtosis|x_liquidity_indicator|x_trend_strength|x_klinger|x_price_impact|x_price_reversal_1d|x_is_night|x_volume_ma_ratio|x_accumulation_distribution|x_spread_20h|x_open_interest
44,1.2224247815772733,1.2429332660268464,0.08203393779829271,15,x_stoch_d|x_p_ret_20h|x_ma_ret_8h|x_skewness|x_kurtosis|x_high_low_ratio|x_trend_strength|x_price_jump|x_price_impact|x_is_night|x_hurst_exponent|x_price_volume_trend|x_open_interest,x_vwap|x_ma_ret_4h|x_stoch_d|x_p_ret_20h|x_ma_ret_8h|x_skewness|x_kurtosis|x_high_low_ratio|x_trend_strength|x_price_jump|x_price_impact|x_is_night|x_hurst_exponent|x_price_volume_trend|x_open_interest
149,1.215860244096198,1.232415173816905,0.06621971888282702,12,x_ultimate_oscillator|x_ma_afternoon_ret|x_kurtosis|x_parkinson_volatility|x_trend_strength|x_aroon_up|x_price_impact|x_is_night|x_spread_20h|x_open_interest,x_vwap|x_ma_ret_4h|x_ultimate_oscillator|x_ma_afternoon_ret|x_kurtosis|x_parkinson_volatility|x_trend_strength|x_aroon_up|x_price_impact|x_is_night|x_spread_20h|x_open_interest
112,1.1972100767585894,1.2166682715039028,0.07783277898125363,16,x_ultimate_oscillator|x_return_5d|x_skewness|x_kurtosis|x_high_low_ratio|x_liquidity_indicator|x_trend_strength|x_klinger|x_price_impact|x_price_reversal_1d|x_volume_acceleration|x_hurst_exponent|x_spread_12h|x_open_interest,x_vwap|x_ma_ret_4h|x_ultimate_oscillator|x_return_5d|x_skewness|x_kurtosis|x_high_low_ratio|x_liquidity_indicator|x_trend_strength|x_klinger|x_price_impact|x_price_reversal_1d|x_volume_acceleration|x_hurst_exponent|x_spread_12h|x_open_interest
111,1.1944297498653746,1.2167979552284778,0.08947282145241253,15,x_stoch_k|x_trix|x_ma_ret_8h|x_skewness|x_kurtosis|x_liquidity_indicator|x_trend_strength|x_klinger|x_price_impact|x_volume_ma_ratio|x_price_volume_trend|x_spread_20h|x_open_interest,x_vwap|x_ma_ret_4h|x_stoch_k|x_trix|x_ma_ret_8h|x_skewness|x_kurtosis|x_liquidity_indicator|x_trend_strength|x_klinger|x_price_impact|x_volume_ma_ratio|x_price_volume_trend|x_spread_20h|x_open_interest
50,1.1849122445691112,1.2115595686734784,0.10658929641746881,18,x_ultimate_oscillator|x_volume_weighted_return|x_return_5d|x_ma_ret_8h|x_skewness|x_kurtosis|x_fractal_dimension|x_liquidity_indicator|x_trend_strength|x_klinger|x_price_impact|x_is_night|x_kyle_lambda_lag|x_price_volume_trend|x_spread_20h|x_open_interest,x_vwap|x_ma_ret_4h|x_ultimate_oscillator|x_volume_weighted_return|x_return_5d|x_ma_ret_8h|x_skewness|x_kurtosis|x_fractal_dimension|x_liquidity_indicator|x_trend_strength|x_klinger|x_price_impact|x_is_night|x_kyle_lambda_lag|x_price_volume_trend|x_spread_20h|x_open_interest
54,1.182963404960905,1.2064568324344245,0.0939737098940776,17,x_money_flow_ratio|x_trix|x_return_5d|x_ma_ret_8h|x_skewness|x_kurtosis|x_fractal_dimension|x_trend_strength|x_price_jump|x_price_impact|x_is_night|x_hurst_exponent|x_price_volume_trend|x_spread_20h|x_open_interest,x_vwap|x_ma_ret_4h|x_money_flow_ratio|x_trix|x_return_5d|x_ma_ret_8h|x_skewness|x_kurtosis|x_fractal_dimension|x_trend_strength|x_price_jump|x_price_impact|x_is_night|x_hurst_exponent|x_price_volume_trend|x_spread_20h|x_open_interest
58,1.1720289028829807,1.1905770721039357,0.07419267688382007,15,x_stoch_k|x_ma_ret_6h|x_skewness|x_kurtosis|x_parkinson_volatility|x_trend_strength|x_price_jump|x_price_impact|x_volume_profile_indicator|x_volume_change_rate|x_price_volume_trend|x_spread_20h|x_open_interest,x_vwap|x_ma_ret_4h|x_stoch_k|x_ma_ret_6h|x_skewness|x_kurtosis|x_parkinson_volatility|x_trend_strength|x_price_jump|x_price_impact|x_volume_profile_indicator|x_volume_change_rate|x_price_volume_trend|x_spread_20h|x_open_interest
147,1.1582218153635044,1.1818862611601892,0.09465778318673936,18,x_ultimate_oscillator|x_trix|x_return_5d|x_skewness|x_kurtosis|x_fractal_dimension|x_trend_strength|x_klinger|x_price_impact|x_price_reversal_1d|x_is_night|x_kyle_lambda_lag|x_hurst_exponent|x_price_volume_trend|x_spread_20h|x_open_interest,x_vwap|x_ma_ret_4h|x_ultimate_oscillator|x_trix|x_return_5d|x_skewness|x_kurtosis|x_fractal_dimension|x_trend_strength|x_klinger|x_price_impact|x_price_reversal_1d|x_is_night|x_kyle_lambda_lag|x_hurst_exponent|x_price_volume_trend|x_spread_20h|x_open_interest
64,1.1504465583114658,1.1682661209107728,0.07127825039722797,12,x_ultimate_oscillator|x_volume_weighted_return|x_ma_afternoon_ret|x_kurtosis|x_trend_strength|x_price_impact|x_is_night|x_price_volume_trend|x_spread_20h|x_open_interest,x_vwap|x_ma_ret_4h|x_ultimate_oscillator|x_volume_weighted_return|x_ma_afternoon_ret|x_kurtosis|x_trend_strength|x_price_impact|x_is_night|x_price_volume_trend|x_spread_20h|x_open_interest
82,1.12481274552134,1.1541826858534292,0.1174797613283572,14,x_ultimate_oscillator|x_p_ret_20h|x_ma_ret_12h|x_skewness|x_high_low_ratio|x_aroon_up|x_price_impact|x_is_night|x_hurst_exponent|x_price_volume_trend|x_spread_8h|x_open_interest,x_vwap|x_ma_ret_4h|x_ultimate_oscillator|x_p_ret_20h|x_ma_ret_12h|x_skewness|x_high_low_ratio|x_aroon_up|x_price_impact|x_is_night|x_hurst_exponent|x_price_volume_trend|x_spread_8h|x_open_interest
31,1.111892677024934,1.1398773699356577,0.11193877164289497,14,x_money_flow_ratio|x_volume_weighted_return|x_p_ret_20h|x_ma_ret_6h|x_skewness|x_kurtosis|x_high_low_ratio|x_price_impact|x_is_night|x_hurst_exponent|x_spread_20h|x_open_interest,x_vwap|x_ma_ret_4h|x_money_flow_ratio|x_volume_weighted_return|x_p_ret_20h|x_ma_ret_6h|x_skewness|x_kurtosis|x_high_low_ratio|x_price_impact|x_is_night|x_hurst_exponent|x_spread_20h|x_open_interest
139,1.1087911391037955,1.1289777232189653,0.0807463364606794,16,x_ultimate_oscillator|x_trix|x_skewness|x_kurtosis|x_high_low_ratio|x_liquidity_indicator|x_trend_strength|x_klinger|x_price_impact|x_volume_profile_fast|x_volume_acceleration|x_price_volume_trend|x_spread_20h|x_open_interest,x_vwap|x_ma_ret_4h|x_ultimate_oscillator|x_trix|x_skewness|x_kurtosis|x_high_low_ratio|x_liquidity_indicator|x_trend_strength|x_klinger|x_price_impact|x_volume_profile_fast|x_volume_acceleration|x_price_volume_trend|x_spread_20h|x_open_interest
5,1.102306219065434,1.1263456712401407,0.09615780869882662,16,x_rsi_14d|x_macd_signal|x_return_5d|x_ma_afternoon_ret|x_skewness|x_high_low_ratio|x_trend_strength|x_price_jump|x_price_impact|x_linearreg_ma|x_kyle_lambda_lag|x_hurst_exponent|x_price_volume_trend|x_spread_12h,x_vwap|x_ma_ret_4h|x_rsi_14d|x_macd_signal|x_return_5d|x_ma_afternoon_ret|x_skewness|x_high_low_ratio|x_trend_strength|x_price_jump|x_price_impact|x_linearreg_ma|x_kyle_lambda_lag|x_hurst_exponent|x_price_volume_trend|x_spread_12h
101,1.0920736130525643,1.1166068143240144,0.09813280508580033,16,x_rsi_14d|x_volume_weighted_return|x_ma_ret_6h|x_skewness|x_kurtosis|x_parkinson_volatility|x_trend_strength|x_aroon_up|x_price_impact|x_volume_profile_indicator|x_is_night|x_hurst_exponent|x_spread_20h|x_open_interest,x_vwap|x_ma_ret_4h|x_rsi_14d|x_volume_weighted_return|x_ma_ret_6h|x_skewness|x_kurtosis|x_parkinson_volatility|x_trend_strength|x_aroon_up|x_price_impact|x_volume_profile_indicator|x_is_night|x_hurst_exponent|x_spread_20h|x_open_interest
109,1.059791225777549,1.0869704835354272,0.10871703103151259,17,x_ultimate_oscillator|x_vol_weighted_return|x_return_5d|x_skewness|x_kurtosis|x_high_low_ratio|x_liquidity_indicator|x_klinger|x_amihud_volatility|x_price_reversal_1d|x_volume_acceleration|x_relative_volume|x_price_volume_trend|x_spread_20h|x_open_interest,x_vwap|x_ma_ret_4h|x_ultimate_oscillator|x_vol_weighted_return|x_return_5d|x_skewness|x_kurtosis|x_high_low_ratio|x_liquidity_indicator|x_klinger|x_amihud_volatility|x_price_reversal_1d|x_volume_acceleration|x_relative_volume|x_price_volume_trend|x_spread_20h|x_open_interest
51,1.059403602726473,1.077481701217585,0.07231239396444782,15,x_p_ret_20h|x_ma_afternoon_ret|x_skewness|x_kurtosis|x_high_low_ratio|x_trend_strength|x_aroon_up|x_price_impact|x_volume_acceleration|x_relative_volume|x_price_volume_trend|x_spread_20h|x_open_interest,x_vwap|x_ma_ret_4h|x_p_ret_20h|x_ma_afternoon_ret|x_skewness|x_kurtosis|x_high_low_ratio|x_trend_strength|x_aroon_up|x_price_impact|x_volume_acceleration|x_relative_volume|x_price_volume_trend|x_spread_20h|x_open_interest
107,1.0404386902492206,1.0664939990417157,0.10422123516998034,15,x_ultimate_oscillator|x_trix|x_return_5d|x_skewness|x_kurtosis|x_high_low_ratio|x_klinger|x_price_impact|x_price_reversal_1d|x_volume_acceleration|x_hurst_exponent|x_price_volume_trend|x_spread_20h,x_vwap|x_ma_ret_4h|x_ultimate_oscillator|x_trix|x_return_5d|x_skewness|x_kurtosis|x_high_low_ratio|x_klinger|x_price_impact|x_price_reversal_1d|x_volume_acceleration|x_hurst_exponent|x_price_volume_trend|x_spread_20h
9,1.0245143133486725,1.0530858806920935,0.11428626937368436,15,x_stoch_k|x_p_ret_20h|x_ma_ret_20h|x_skewness|x_fractal_dimension|x_liquidity_indicator|x_trend_strength|x_klinger|x_linearreg_ma|x_is_night|x_kyle_lambda_lag|x_volume_ma_ratio|x_spread_20h,x_vwap|x_ma_ret_4h|x_stoch_k|x_p_ret_20h|x_ma_ret_20h|x_skewness|x_fractal_dimension|x_liquidity_indicator|x_trend_strength|x_klinger|x_linearreg_ma|x_is_night|x_kyle_lambda_lag|x_volume_ma_ratio|x_spread_20h
18,1.0149622879316889,1.0369649956427116,0.08801083084409125,14,x_volume_weighted_return|x_p_ret_20h|x_ma_bar_ret|x_high_low_ratio|x_liquidity_indicator|x_klinger|x_amihud_volatility|x_volume_profile_indicator|x_volume_acceleration|x_volume_ma_ratio|x_accumulation_distribution|x_spread_8h,x_vwap|x_ma_ret_4h|x_volume_weighted_return|x_p_ret_20h|x_ma_bar_ret|x_high_low_ratio|x_liquidity_indicator|x_klinger|x_amihud_volatility|x_volume_profile_indicator|x_volume_acceleration|x_volume_ma_ratio|x_accumulation_distribution|x_spread_8h
10,1.001365201022251,1.0225783052727475,0.08485241700198677,16,x_stoch_d|x_macd_signal|x_p_ret_20h|x_skewness|x_kurtosis|x_high_low_ratio|x_liquidity_indicator|x_aroon_up|x_price_impact|x_volume_change_rate|x_kyle_lambda_lag|x_volume_ma_ratio|x_spread_12h|x_open_interest,x_vwap|x_ma_ret_4h|x_stoch_d|x_macd_signal|x_p_ret_20h|x_skewness|x_kurtosis|x_high_low_ratio|x_liquidity_indicator|x_aroon_up|x_price_impact|x_volume_change_rate|x_kyle_lambda_lag|x_volume_ma_ratio|x_spread_12h|x_open_interest
19,0.9962988684042721,1.0164069874663735,0.08043247624840558,16,x_rsi_14d|x_trix|x_return_5d|x_ma_afternoon_ret|x_parkinson_volatility|x_liquidity_indicator|x_trend_strength|x_price_jump|x_price_impact|x_is_night|x_relative_volume|x_price_volume_trend|x_spread_20h|x_open_interest,x_vwap|x_ma_ret_4h|x_rsi_14d|x_trix|x_return_5d|x_ma_afternoon_ret|x_parkinson_volatility|x_liquidity_indicator|x_trend_strength|x_price_jump|x_price_impact|x_is_night|x_relative_volume|x_price_volume_trend|x_spread_20h|x_open_interest
26,0.9553356379664079,0.9817893409865912,0.1058148120807334,15,x_ultimate_oscillator|x_volume_weighted_return|x_return_5d|x_ma_ret_8h|x_skewness|x_high_low_ratio|x_trend_strength|x_price_jump|x_price_impact|x_is_night|x_hurst_exponent|x_price_volume_trend|x_spread_20h,x_vwap|x_ma_ret_4h|x_ultimate_oscillator|x_volume_weighted_return|x_return_5d|x_ma_ret_8h|x_skewness|x_high_low_ratio|x_trend_strength|x_price_jump|x_price_impact|x_is_night|x_hurst_exponent|x_price_volume_trend|x_spread_20h
2,0.9456681233862071,0.9639046598825401,0.07294614598533215,16,x_money_flow_ratio|x_volume_weighted_return|x_ma_afternoon_ret|x_skewness|x_liquidity_indicator|x_trend_strength|x_price_jump|x_price_impact|x_linearreg_ma|x_volume_acceleration|x_kyle_lambda_lag|x_accumulation_distribution|x_spread_20h|x_open_interest,x_vwap|x_ma_ret_4h|x_money_flow_ratio|x_volume_weighted_return|x_ma_afternoon_ret|x_skewness|x_liquidity_indicator|x_trend_strength|x_price_jump|x_price_impact|x_linearreg_ma|x_volume_acceleration|x_kyle_lambda_lag|x_accumulation_distribution|x_spread_20h|x_open_interest
140,0.9455076221350318,0.9685471256724641,0.09215801414972957,17,x_ultimate_oscillator|x_trix|x_return_5d|x_skewness|x_kurtosis|x_fractal_dimension|x_liquidity_indicator|x_trend_strength|x_price_jump|x_price_impact|x_price_reversal_1d|x_volume_change_rate|x_accumulation_distribution|x_spread_8h|x_open_interest,x_vwap|x_ma_ret_4h|x_ultimate_oscillator|x_trix|x_return_5d|x_skewness|x_kurtosis|x_fractal_dimension|x_liquidity_indicator|x_trend_strength|x_price_jump|x_price_impact|x_price_reversal_1d|x_volume_change_rate|x_accumulation_distribution|x_spread_8h|x_open_interest
43,0.942218270980953,0.972172569812593,0.1198171953265603,14,x_stoch_d|x_trix|x_p_ret_20h|x_ma_afternoon_ret|x_skewness|x_high_low_ratio|x_aroon_up|x_price_impact|x_is_night|x_price_volume_trend|x_spread_8h|x_open_interest,x_vwap|x_ma_ret_4h|x_stoch_d|x_trix|x_p_ret_20h|x_ma_afternoon_ret|x_skewness|x_high_low_ratio|x_aroon_up|x_price_impact|x_is_night|x_price_volume_trend|x_spread_8h|x_open_interest
42,0.9370777347124295,0.9611841881101852,0.09642581359102288,13,x_stoch_d|x_ma_ret_12h|x_skewness|x_high_low_ratio|x_aroon_up|x_price_impact|x_volume_acceleration|x_hurst_exponent|x_price_volume_trend|x_spread_20h|x_open_interest,x_vwap|x_ma_ret_4h|x_stoch_d|x_ma_ret_12h|x_skewness|x_high_low_ratio|x_aroon_up|x_price_impact|x_volume_acceleration|x_hurst_exponent|x_price_volume_trend|x_spread_20h|x_open_interest
102,0.9345727463162601,0.9654593239159921,0.12354631039892802,14,x_stoch_d|x_trix|x_p_ret_20h|x_ma_ret_12h|x_skewness|x_high_low_ratio|x_aroon_up|x_price_impact|x_is_night|x_relative_volume|x_spread_20h|x_open_interest,x_vwap|x_ma_ret_4h|x_stoch_d|x_trix|x_p_ret_20h|x_ma_ret_12h|x_skewness|x_high_low_ratio|x_aroon_up|x_price_impact|x_is_night|x_relative_volume|x_spread_20h|x_open_interest
59,0.916763938097348,0.937556930943738,0.08317197138555991,12,x_ultimate_oscillator|x_ma_afternoon_ret|x_kurtosis|x_fractal_dimension|x_trend_strength|x_is_night|x_hurst_exponent|x_price_volume_trend|x_spread_20h|x_open_interest,x_vwap|x_ma_ret_4h|x_ultimate_oscillator|x_ma_afternoon_ret|x_kurtosis|x_fractal_dimension|x_trend_strength|x_is_night|x_hurst_exponent|x_price_volume_trend|x_spread_20h|x_open_interest
6,0.9018463524226489,0.9251421857933716,0.09318333348289108,15,x_money_flow_index|x_trix|x_return_5d|x_kurtosis|x_fractal_dimension|x_klinger|x_amihud_volatility|x_volume_profile_indicator|x_is_night|x_kyle_lambda_lag|x_volume_ma_ratio|x_accumulation_distribution|x_open_interest,x_vwap|x_ma_ret_4h|x_money_flow_index|x_trix|x_return_5d|x_kurtosis|x_fractal_dimension|x_klinger|x_amihud_volatility|x_volume_profile_indicator|x_is_night|x_kyle_lambda_lag|x_volume_ma_ratio|x_accumulation_distribution|x_open_interest
16,0.8877103798429851,0.9084761592782994,0.08306311774125714,19,x_money_flow_index|x_momentum_20d|x_return_5d|x_ma_afternoon_ret|x_skewness|x_kurtosis|x_fractal_dimension|x_liquidity_indicator|x_trend_strength|x_price_jump|x_price_impact|x_volume_profile_indicator|x_is_night|x_relative_volume|x_price_volume_trend|x_spread_20h|x_open_interest,x_vwap|x_ma_ret_4h|x_money_flow_index|x_momentum_20d|x_return_5d|x_ma_afternoon_ret|x_skewness|x_kurtosis|x_fractal_dimension|x_liquidity_indicator|x_trend_strength|x_price_jump|x_price_impact|x_volume_profile_indicator|x_is_night|x_relative_volume|x_price_volume_trend|x_spread_20h|x_open_interest
7,0.8657235496531728,0.8903792208720203,0.09862268487538994,12,x_stoch_d|x_momentum_20d|x_ma_ret_20h|x_fractal_dimension|x_volume_profile_fast|x_volume_acceleration|x_kyle_lambda_lag|x_volume_ma_ratio|x_accumulation_distribution|x_spread_20h,x_vwap|x_ma_ret_4h|x_stoch_d|x_momentum_20d|x_ma_ret_20h|x_fractal_dimension|x_volume_profile_fast|x_volume_acceleration|x_kyle_lambda_lag|x_volume_ma_ratio|x_accumulation_distribution|x_spread_20h
119,0.8464306985013152,0.8634702538045896,0.06815822121309748,11,x_rsi_14d|x_ma_afternoon_ret|x_skewness|x_kurtosis|x_trend_strength|x_price_impact|x_is_night|x_price_volume_trend|x_spread_20h,x_vwap|x_ma_ret_4h|x_rsi_14d|x_ma_afternoon_ret|x_skewness|x_kurtosis|x_trend_strength|x_price_impact|x_is_night|x_price_volume_trend|x_spread_20h
38,0.8170938068514981,0.841287026471522,0.09677287848009535,15,x_stoch_k|x_trix|x_return_5d|x_ma_ret_12h|x_skewness|x_kurtosis|x_high_low_ratio|x_trend_strength|x_price_impact|x_is_night|x_hurst_exponent|x_price_volume_trend|x_spread_8h,x_vwap|x_ma_ret_4h|x_stoch_k|x_trix|x_return_5d|x_ma_ret_12h|x_skewness|x_kurtosis|x_high_low_ratio|x_trend_strength|x_price_impact|x_is_night|x_hurst_exponent|x_price_volume_trend|x_spread_8h
106,0.8023694128449805,0.828382760971198,0.10405339250486971,16,x_ultimate_oscillator|x_trix|x_return_5d|x_skewness|x_high_low_ratio|x_liquidity_indicator|x_aroon_up|x_price_impact|x_price_reversal_1d|x_volume_acceleration|x_relative_volume|x_accumulation_distribution|x_spread_20h|x_open_interest,x_vwap|x_ma_ret_4h|x_ultimate_oscillator|x_trix|x_return_5d|x_skewness|x_high_low_ratio|x_liquidity_indicator|x_aroon_up|x_price_impact|x_price_reversal_1d|x_volume_acceleration|x_relative_volume|x_accumulation_distribution|x_spread_20h|x_open_interest
84,0.7841501768896546,0.8061693746006374,0.08807679084393114,16,x_stoch_k|x_trix|x_return_5d|x_ma_ret_8h|x_skewness|x_kurtosis|x_liquidity_indicator|x_trend_strength|x_klinger|x_price_impact|x_volume_profile_indicator|x_is_night|x_relative_volume|x_price_volume_trend,x_vwap|x_ma_ret_4h|x_stoch_k|x_trix|x_return_5d|x_ma_ret_8h|x_skewness|x_kurtosis|x_liquidity_indicator|x_trend_strength|x_klinger|x_price_impact|x_volume_profile_indicator|x_is_night|x_relative_volume|x_price_volume_trend
77,0.7656329918883398,0.7901797590060148,0.0981870684706999,15,x_ultimate_oscillator|x_vol_weighted_return|x_return_5d|x_skewness|x_kurtosis|x_liquidity_indicator|x_trend_strength|x_klinger|x_price_impact|x_is_night|x_volume_ma_ratio|x_accumulation_distribution|x_spread_20h,x_vwap|x_ma_ret_4h|x_ultimate_oscillator|x_vol_weighted_return|x_return_5d|x_skewness|x_kurtosis|x_liquidity_indicator|x_trend_strength|x_klinger|x_price_impact|x_is_night|x_volume_ma_ratio|x_accumulation_distribution|x_spread_20h
1,0.7647790614732349,0.7848563336362223,0.0803090886519496,14,x_money_flow_index|x_trix|x_ma_ret_12h|x_skewness|x_parkinson_volatility|x_trend_strength|x_amihud_volatility|x_volume_profile_indicator|x_volume_change_rate|x_volume_ma_ratio|x_accumulation_distribution|x_spread_20h,x_vwap|x_ma_ret_4h|x_money_flow_index|x_trix|x_ma_ret_12h|x_skewness|x_parkinson_volatility|x_trend_strength|x_amihud_volatility|x_volume_profile_indicator|x_volume_change_rate|x_volume_ma_ratio|x_accumulation_distribution|x_spread_20h
28,0.7576615435352638,0.7834727488100476,0.1032448210991351,16,x_ultimate_oscillator|x_trix|x_return_5d|x_ma_ret_8h|x_skewness|x_kurtosis|x_trend_strength|x_price_impact|x_price_reversal_1d|x_is_night|x_hurst_exponent|x_accumulation_distribution|x_spread_8h|x_open_interest,x_vwap|x_ma_ret_4h|x_ultimate_oscillator|x_trix|x_return_5d|x_ma_ret_8h|x_skewness|x_kurtosis|x_trend_strength|x_price_impact|x_price_reversal_1d|x_is_night|x_hurst_exponent|x_accumulation_distribution|x_spread_8h|x_open_interest
97,0.7534782874850563,0.7739151147759066,0.08174730916340134,15,x_p_ret_20h|x_ma_bar_ret|x_skewness|x_kurtosis|x_high_low_ratio|x_trend_strength|x_aroon_up|x_price_impact|x_linearreg_ma|x_is_night|x_volume_ma_ratio|x_price_volume_trend|x_spread_20h,x_vwap|x_ma_ret_4h|x_p_ret_20h|x_ma_bar_ret|x_skewness|x_kurtosis|x_high_low_ratio|x_trend_strength|x_aroon_up|x_price_impact|x_linearreg_ma|x_is_night|x_volume_ma_ratio|x_price_volume_trend|x_spread_20h
29,0.739121156699117,0.7681622485836787,0.11616436753824641,15,x_ultimate_oscillator|x_vol_weighted_return|x_p_ret_20h|x_ma_ret_6h|x_skewness|x_high_low_ratio|x_trend_strength|x_price_impact|x_linearreg_ma|x_is_night|x_volume_ma_ratio|x_price_volume_trend|x_open_interest,x_vwap|x_ma_ret_4h|x_ultimate_oscillator|x_vol_weighted_return|x_p_ret_20h|x_ma_ret_6h|x_skewness|x_high_low_ratio|x_trend_strength|x_price_impact|x_linearreg_ma|x_is_night|x_volume_ma_ratio|x_price_volume_trend|x_open_interest
92,0.7358772608662416,0.752601997337227,0.06689894588394173,10,x_ma_afternoon_ret|x_parkinson_volatility|x_trend_strength|x_price_impact|x_is_night|x_price_volume_trend|x_spread_8h|x_open_interest,x_vwap|x_ma_ret_4h|x_ma_afternoon_ret|x_parkinson_volatility|x_trend_strength|x_price_impact|x_is_night|x_price_volume_trend|x_spread_8h|x_open_interest
35,0.7234723582230739,0.7514727628552867,0.11200161852885165,15,x_ultimate_oscillator|x_momentum_20d|x_p_ret_20h|x_ma_ret_6h|x_skewness|x_kurtosis|x_fractal_dimension|x_trend_strength|x_price_impact|x_session_sin|x_hurst_exponent|x_price_volume_trend|x_open_interest,x_vwap|x_ma_ret_4h|x_ultimate_oscillator|x_momentum_20d|x_p_ret_20h|x_ma_ret_6h|x_skewness|x_kurtosis|x_fractal_dimension|x_trend_strength|x_price_impact|x_session_sin|x_hurst_exponent|x_price_volume_trend|x_open_interest
57,0.7001446176568679,0.7214059731138627,0.08504542182797936,11,x_ultimate_oscillator|x_ma_afternoon_ret|x_kurtosis|x_trend_strength|x_price_reversal_1d|x_volume_change_rate|x_accumulation_distribution|x_spread_20h|x_open_interest,x_vwap|x_ma_ret_4h|x_ultimate_oscillator|x_ma_afternoon_ret|x_kurtosis|x_trend_strength|x_price_reversal_1d|x_volume_change_rate|x_accumulation_distribution|x_spread_20h|x_open_interest
4,0.5942462598444215,0.6185353971657166,0.09715654928518057,13,x_money_flow_ratio|x_momentum_20d|x_ma_ret_20h|x_trend_strength|x_price_jump|x_price_impact|x_price_reversal_1d|x_volume_ma_ratio|x_accumulation_distribution|x_spread_12h|x_open_interest,x_vwap|x_ma_ret_4h|x_money_flow_ratio|x_momentum_20d|x_ma_ret_20h|x_trend_strength|x_price_jump|x_price_impact|x_price_reversal_1d|x_volume_ma_ratio|x_accumulation_distribution|x_spread_12h|x_open_interest
11,0.47649886009223463,0.5117168764810917,0.14087206555542817,11,x_rsi_14d|x_vol_weighted_return|x_return_5d|x_ma_ret_20h|x_liquidity_indicator|x_price_impact|x_linearreg_ma|x_kyle_lambda_lag|x_volume_ma_ratio,x_vwap|x_ma_ret_4h|x_rsi_14d|x_vol_weighted_return|x_return_5d|x_ma_ret_20h|x_liquidity_indicator|x_price_impact|x_linearreg_ma|x_kyle_lambda_lag|x_volume_ma_ratio
17,0.46061192513731536,0.49338754828073,0.1311024925736585,15,x_rsi_14d|x_volume_weighted_return|x_p_ret_20h|x_ma_afternoon_ret|x_high_low_ratio|x_liquidity_indicator|x_aroon_up|x_amihud_volatility|x_price_reversal_1d|x_volume_ma_ratio|x_accumulation_distribution|x_spread_8h|x_open_interest,x_vwap|x_ma_ret_4h|x_rsi_14d|x_volume_weighted_return|x_p_ret_20h|x_ma_afternoon_ret|x_high_low_ratio|x_liquidity_indicator|x_aroon_up|x_amihud_volatility|x_price_reversal_1d|x_volume_ma_ratio|x_accumulation_distribution|x_spread_8h|x_open_interest
3,0.3896348690922656,0.41565673808637527,0.1040874759764387,12,x_rsi_14d|x_macd_signal|x_ma_ret_12h|x_high_low_ratio|x_aroon_up|x_price_impact|x_volume_profile_fast|x_is_night|x_relative_volume|x_spread_12h,x_vwap|x_ma_ret_4h|x_rsi_14d|x_macd_signal|x_ma_ret_12h|x_high_low_ratio|x_aroon_up|x_price_impact|x_volume_profile_fast|x_is_night|x_relative_volume|x_spread_12h
14,0.38593971942909866,0.40857621661895066,0.09054598875940789,15,x_rsi_14d|x_momentum_20d|x_ma_ret_12h|x_kurtosis|x_fractal_dimension|x_liquidity_indicator|x_trend_strength|x_amihud_volatility|x_price_reversal_1d|x_volume_acceleration|x_relative_volume|x_accumulation_distribution|x_open_interest,x_vwap|x_ma_ret_4h|x_rsi_14d|x_momentum_20d|x_ma_ret_12h|x_kurtosis|x_fractal_dimension|x_liquidity_indicator|x_trend_strength|x_amihud_volatility|x_price_reversal_1d|x_volume_acceleration|x_relative_volume|x_accumulation_distribution|x_open_interest
