trial,score,cv_score,mac,n_factors,optional,all_factors
32,7.060831111465669,7.078971095336047,0.07255993548151132,20,x_volume_acceleration|x_kyle_lambda_lag|x_ma_bar_ret|x_spread_8h|x_ma_ret_1h|x_skewness|x_p_ret_20h|x_stoch_k|x_momentum_20d|x_price_ma250_dev|x_market_depth_imbalance|x_volatility_ratio|x_kurtosis|x_price_impact|x_volume_ma_ratio|x_volume_momentum|x_boll_lower|x_price_volume_trend|x_open_interest|x_liquidity_indicator,x_volume_acceleration|x_kyle_lambda_lag|x_ma_bar_ret|x_spread_8h|x_ma_ret_1h|x_skewness|x_p_ret_20h|x_stoch_k|x_momentum_20d|x_price_ma250_dev|x_market_depth_imbalance|x_volatility_ratio|x_kurtosis|x_price_impact|x_volume_ma_ratio|x_volume_momentum|x_boll_lower|x_price_volume_trend|x_open_interest|x_liquidity_indicator
38,6.980586015149945,7.002162076456956,0.08630424522804192,20,x_volume_acceleration|x_hurst_exponent|x_kyle_lambda_lag|x_volume_profile_fast|x_ma_afternoon_ret|x_ma_bar_ret|x_p_ret_6h|x_price_reversal_1d|x_ma_ret_8h|x_skewness|x_stoch_k|x_momentum_20d|x_price_ma250_dev|x_volatility_ratio|x_kurtosis|x_price_impact|x_boll_lower|x_parkinson_volatility|x_price_volume_trend|x_liquidity_indicator,x_volume_acceleration|x_hurst_exponent|x_kyle_lambda_lag|x_volume_profile_fast|x_ma_afternoon_ret|x_ma_bar_ret|x_p_ret_6h|x_price_reversal_1d|x_ma_ret_8h|x_skewness|x_stoch_k|x_momentum_20d|x_price_ma250_dev|x_volatility_ratio|x_kurtosis|x_price_impact|x_boll_lower|x_parkinson_volatility|x_price_volume_trend|x_liquidity_indicator
40,6.881873903305081,6.900148700101811,0.07309918718691845,19,x_volume_acceleration|x_kyle_lambda_lag|x_ma_bar_ret|x_spread_8h|x_ma_ret_1h|x_p_ret_20h|x_stoch_k|x_momentum_20d|x_price_ma250_dev|x_market_depth_imbalance|x_volatility_ratio|x_kurtosis|x_price_impact|x_turnover|x_volume_momentum|x_boll_lower|x_price_volume_trend|x_open_interest|x_liquidity_indicator,x_volume_acceleration|x_kyle_lambda_lag|x_ma_bar_ret|x_spread_8h|x_ma_ret_1h|x_p_ret_20h|x_stoch_k|x_momentum_20d|x_price_ma250_dev|x_market_depth_imbalance|x_volatility_ratio|x_kurtosis|x_price_impact|x_turnover|x_volume_momentum|x_boll_lower|x_price_volume_trend|x_open_interest|x_liquidity_indicator
34,6.646423363994082,6.666024970808665,0.07840642725832764,20,x_volume_acceleration|x_hurst_exponent|x_kyle_lambda_lag|x_ma_afternoon_ret|x_ma_bar_ret|x_p_ret_6h|x_price_reversal_1d|x_ma_ret_1h|x_skewness|x_stoch_k|x_momentum_20d|x_price_ma250_dev|x_market_depth_imbalance|x_volatility_ratio|x_kurtosis|x_price_impact|x_volume_ma_ratio|x_parkinson_volatility|x_price_volume_trend|x_liquidity_indicator,x_volume_acceleration|x_hurst_exponent|x_kyle_lambda_lag|x_ma_afternoon_ret|x_ma_bar_ret|x_p_ret_6h|x_price_reversal_1d|x_ma_ret_1h|x_skewness|x_stoch_k|x_momentum_20d|x_price_ma250_dev|x_market_depth_imbalance|x_volatility_ratio|x_kurtosis|x_price_impact|x_volume_ma_ratio|x_parkinson_volatility|x_price_volume_trend|x_liquidity_indicator
27,6.401973886569623,6.419048793257156,0.06829962675013103,21,x_volume_acceleration|x_kyle_lambda_lag|x_ma_bar_ret|x_spread_8h|x_price_reversal_1d|x_ma_ret_1h|x_skewness|x_stoch_k|x_momentum_20d|x_price_ma250_dev|x_market_depth_imbalance|x_volatility_ratio|x_kurtosis|x_price_impact|x_volume_ma_ratio|x_volume_momentum|x_boll_lower|x_parkinson_volatility|x_price_volume_trend|x_open_interest|x_liquidity_indicator,x_volume_acceleration|x_kyle_lambda_lag|x_ma_bar_ret|x_spread_8h|x_price_reversal_1d|x_ma_ret_1h|x_skewness|x_stoch_k|x_momentum_20d|x_price_ma250_dev|x_market_depth_imbalance|x_volatility_ratio|x_kurtosis|x_price_impact|x_volume_ma_ratio|x_volume_momentum|x_boll_lower|x_parkinson_volatility|x_price_volume_trend|x_open_interest|x_liquidity_indicator
35,6.400488911364626,6.420914064945913,0.08170061432515195,22,x_volume_acceleration|x_hurst_exponent|x_kyle_lambda_lag|x_volume_profile_fast|x_ma_afternoon_ret|x_ma_bar_ret|x_p_ret_6h|x_price_reversal_1d|x_ma_ret_1h|x_ma_ret_8h|x_skewness|x_stoch_k|x_momentum_20d|x_price_ma250_dev|x_market_depth_imbalance|x_volatility_ratio|x_kurtosis|x_price_impact|x_volume_ma_ratio|x_parkinson_volatility|x_price_volume_trend|x_liquidity_indicator,x_volume_acceleration|x_hurst_exponent|x_kyle_lambda_lag|x_volume_profile_fast|x_ma_afternoon_ret|x_ma_bar_ret|x_p_ret_6h|x_price_reversal_1d|x_ma_ret_1h|x_ma_ret_8h|x_skewness|x_stoch_k|x_momentum_20d|x_price_ma250_dev|x_market_depth_imbalance|x_volatility_ratio|x_kurtosis|x_price_impact|x_volume_ma_ratio|x_parkinson_volatility|x_price_volume_trend|x_liquidity_indicator
33,6.322660729743258,6.341397637633092,0.07494763155933787,18,x_volume_acceleration|x_hurst_exponent|x_kyle_lambda_lag|x_ma_bar_ret|x_p_ret_6h|x_price_reversal_1d|x_ma_ret_1h|x_stoch_k|x_momentum_20d|x_price_ma250_dev|x_market_depth_imbalance|x_volatility_ratio|x_kurtosis|x_price_impact|x_volume_ma_ratio|x_parkinson_volatility|x_price_volume_trend|x_liquidity_indicator,x_volume_acceleration|x_hurst_exponent|x_kyle_lambda_lag|x_ma_bar_ret|x_p_ret_6h|x_price_reversal_1d|x_ma_ret_1h|x_stoch_k|x_momentum_20d|x_price_ma250_dev|x_market_depth_imbalance|x_volatility_ratio|x_kurtosis|x_price_impact|x_volume_ma_ratio|x_parkinson_volatility|x_price_volume_trend|x_liquidity_indicator
26,6.251103204719202,6.267957227590588,0.06741609148554333,19,x_volume_acceleration|x_hurst_exponent|x_kyle_lambda_lag|x_price_reversal_1d|x_ma_ret_1h|x_skewness|x_stoch_k|x_momentum_20d|x_price_ma250_dev|x_market_depth_imbalance|x_volatility_ratio|x_kurtosis|x_price_impact|x_volume_ma_ratio|x_volume_momentum|x_parkinson_volatility|x_price_volume_trend|x_open_interest|x_liquidity_indicator,x_volume_acceleration|x_hurst_exponent|x_kyle_lambda_lag|x_price_reversal_1d|x_ma_ret_1h|x_skewness|x_stoch_k|x_momentum_20d|x_price_ma250_dev|x_market_depth_imbalance|x_volatility_ratio|x_kurtosis|x_price_impact|x_volume_ma_ratio|x_volume_momentum|x_parkinson_volatility|x_price_volume_trend|x_open_interest|x_liquidity_indicator
22,6.09075223516412,6.106455749842064,0.06281405871177526,18,x_volume_acceleration|x_hurst_exponent|x_kyle_lambda_lag|x_ma_afternoon_ret|x_gap_ratio|x_spread_8h|x_price_reversal_1d|x_ma_ret_1h|x_skewness|x_price_ma250_dev|x_price_impact|x_turnover|x_volume_ma_ratio|x_volume_momentum|x_parkinson_volatility|x_price_volume_trend|x_open_interest|x_liquidity_indicator,x_volume_acceleration|x_hurst_exponent|x_kyle_lambda_lag|x_ma_afternoon_ret|x_gap_ratio|x_spread_8h|x_price_reversal_1d|x_ma_ret_1h|x_skewness|x_price_ma250_dev|x_price_impact|x_turnover|x_volume_ma_ratio|x_volume_momentum|x_parkinson_volatility|x_price_volume_trend|x_open_interest|x_liquidity_indicator
28,6.009410535774408,6.028680525362679,0.07707995835308391,21,x_volume_acceleration|x_kyle_lambda_lag|x_ma_bar_ret|x_spread_8h|x_price_reversal_1d|x_skewness|x_p_ret_20h|x_stoch_k|x_momentum_20d|x_price_ma250_dev|x_market_depth_imbalance|x_volatility_ratio|x_kurtosis|x_price_impact|x_volume_ma_ratio|x_volume_momentum|x_boll_lower|x_parkinson_volatility|x_price_volume_trend|x_open_interest|x_liquidity_indicator,x_volume_acceleration|x_kyle_lambda_lag|x_ma_bar_ret|x_spread_8h|x_price_reversal_1d|x_skewness|x_p_ret_20h|x_stoch_k|x_momentum_20d|x_price_ma250_dev|x_market_depth_imbalance|x_volatility_ratio|x_kurtosis|x_price_impact|x_volume_ma_ratio|x_volume_momentum|x_boll_lower|x_parkinson_volatility|x_price_volume_trend|x_open_interest|x_liquidity_indicator
16,5.9273788194483785,5.942645396487943,0.06106630815825501,15,x_volume_acceleration|x_hurst_exponent|x_kyle_lambda_lag|x_ma_afternoon_ret|x_gap_ratio|x_price_reversal_1d|x_ma_ret_1h|x_skewness|x_stoch_k|x_price_ma250_dev|x_volume_ma_ratio|x_volume_momentum|x_parkinson_volatility|x_price_volume_trend|x_liquidity_indicator,x_volume_acceleration|x_hurst_exponent|x_kyle_lambda_lag|x_ma_afternoon_ret|x_gap_ratio|x_price_reversal_1d|x_ma_ret_1h|x_skewness|x_stoch_k|x_price_ma250_dev|x_volume_ma_ratio|x_volume_momentum|x_parkinson_volatility|x_price_volume_trend|x_liquidity_indicator
39,5.909898745973099,5.936358521689442,0.10583910286537035,17,x_volume_acceleration|x_volume_profile_fast|x_ma_afternoon_ret|x_ma_bar_ret|x_p_ret_6h|x_price_reversal_1d|x_ma_ret_8h|x_skewness|x_stoch_k|x_momentum_20d|x_price_ma250_dev|x_kurtosis|x_price_impact|x_boll_lower|x_parkinson_volatility|x_price_volume_trend|x_liquidity_indicator,x_volume_acceleration|x_volume_profile_fast|x_ma_afternoon_ret|x_ma_bar_ret|x_p_ret_6h|x_price_reversal_1d|x_ma_ret_8h|x_skewness|x_stoch_k|x_momentum_20d|x_price_ma250_dev|x_kurtosis|x_price_impact|x_boll_lower|x_parkinson_volatility|x_price_volume_trend|x_liquidity_indicator
25,5.71414855951177,5.731164368763741,0.06806323700788262,19,x_volume_acceleration|x_hurst_exponent|x_kyle_lambda_lag|x_ma_afternoon_ret|x_price_reversal_1d|x_ma_ret_1h|x_skewness|x_p_ret_20h|x_momentum_20d|x_price_ma250_dev|x_volatility_ratio|x_kurtosis|x_price_impact|x_volume_ma_ratio|x_volume_momentum|x_parkinson_volatility|x_price_volume_trend|x_open_interest|x_liquidity_indicator,x_volume_acceleration|x_hurst_exponent|x_kyle_lambda_lag|x_ma_afternoon_ret|x_price_reversal_1d|x_ma_ret_1h|x_skewness|x_p_ret_20h|x_momentum_20d|x_price_ma250_dev|x_volatility_ratio|x_kurtosis|x_price_impact|x_volume_ma_ratio|x_volume_momentum|x_parkinson_volatility|x_price_volume_trend|x_open_interest|x_liquidity_indicator
30,5.545911713928114,5.566663711311482,0.08300798953347113,22,x_volume_acceleration|x_kyle_lambda_lag|x_ma_afternoon_ret|x_ma_bar_ret|x_spread_8h|x_price_reversal_1d|x_ma_ret_1h|x_skewness|x_stoch_k|x_momentum_20d|x_ease_of_movement|x_price_ma250_dev|x_market_depth_imbalance|x_amihud_volatility|x_volatility_ratio|x_kurtosis|x_volume_momentum|x_boll_lower|x_parkinson_volatility|x_price_volume_trend|x_open_interest|x_liquidity_indicator,x_volume_acceleration|x_kyle_lambda_lag|x_ma_afternoon_ret|x_ma_bar_ret|x_spread_8h|x_price_reversal_1d|x_ma_ret_1h|x_skewness|x_stoch_k|x_momentum_20d|x_ease_of_movement|x_price_ma250_dev|x_market_depth_imbalance|x_amihud_volatility|x_volatility_ratio|x_kurtosis|x_volume_momentum|x_boll_lower|x_parkinson_volatility|x_price_volume_trend|x_open_interest|x_liquidity_indicator
19,5.533652081939015,5.54734106902267,0.05475594833461854,16,x_volume_acceleration|x_hurst_exponent|x_kyle_lambda_lag|x_ma_afternoon_ret|x_gap_ratio|x_price_reversal_1d|x_ma_ret_1h|x_skewness|x_price_ma250_dev|x_price_impact|x_volume_ma_ratio|x_volume_momentum|x_parkinson_volatility|x_price_volume_trend|x_open_interest|x_liquidity_indicator,x_volume_acceleration|x_hurst_exponent|x_kyle_lambda_lag|x_ma_afternoon_ret|x_gap_ratio|x_price_reversal_1d|x_ma_ret_1h|x_skewness|x_price_ma250_dev|x_price_impact|x_volume_ma_ratio|x_volume_momentum|x_parkinson_volatility|x_price_volume_trend|x_open_interest|x_liquidity_indicator
20,5.5175712938750205,5.532717408032314,0.060584456629172875,18,x_volume_acceleration|x_trend_strength|x_hurst_exponent|x_kyle_lambda_lag|x_ma_afternoon_ret|x_gap_ratio|x_spread_8h|x_price_reversal_1d|x_price_channel_breakout|x_skewness|x_price_ma250_dev|x_price_impact|x_volume_ma_ratio|x_volume_momentum|x_parkinson_volatility|x_price_volume_trend|x_open_interest|x_liquidity_indicator,x_volume_acceleration|x_trend_strength|x_hurst_exponent|x_kyle_lambda_lag|x_ma_afternoon_ret|x_gap_ratio|x_spread_8h|x_price_reversal_1d|x_price_channel_breakout|x_skewness|x_price_ma250_dev|x_price_impact|x_volume_ma_ratio|x_volume_momentum|x_parkinson_volatility|x_price_volume_trend|x_open_interest|x_liquidity_indicator
11,5.4293549175371,5.4465522349493645,0.06878926964905997,13,x_volume_acceleration|x_hurst_exponent|x_kyle_lambda_lag|x_ma_afternoon_ret|x_gap_ratio|x_skewness|x_p_ret_20h|x_stoch_k|x_price_ma250_dev|x_volume_ma_ratio|x_volume_momentum|x_price_volume_trend|x_liquidity_indicator,x_volume_acceleration|x_hurst_exponent|x_kyle_lambda_lag|x_ma_afternoon_ret|x_gap_ratio|x_skewness|x_p_ret_20h|x_stoch_k|x_price_ma250_dev|x_volume_ma_ratio|x_volume_momentum|x_price_volume_trend|x_liquidity_indicator
21,5.40570781338358,5.427406616579805,0.08679521278490215,17,x_hurst_exponent|x_kyle_lambda_lag|x_ma_bar_ret|x_gap_ratio|x_p_ret_6h|x_price_reversal_1d|x_ma_ret_1h|x_skewness|x_momentum_20d|x_price_ma250_dev|x_price_impact|x_volume_ma_ratio|x_volume_momentum|x_parkinson_volatility|x_price_volume_trend|x_open_interest|x_liquidity_indicator,x_hurst_exponent|x_kyle_lambda_lag|x_ma_bar_ret|x_gap_ratio|x_p_ret_6h|x_price_reversal_1d|x_ma_ret_1h|x_skewness|x_momentum_20d|x_price_ma250_dev|x_price_impact|x_volume_ma_ratio|x_volume_momentum|x_parkinson_volatility|x_price_volume_trend|x_open_interest|x_liquidity_indicator
18,5.262174679958922,5.281141890319729,0.07586884144322915,14,x_volume_acceleration|x_hurst_exponent|x_kyle_lambda_lag|x_ma_afternoon_ret|x_gap_ratio|x_price_acceleration|x_ma_ret_1h|x_skewness|x_stoch_k|x_ease_of_movement|x_price_ma250_dev|x_volume_momentum|x_parkinson_volatility|x_price_volume_trend,x_volume_acceleration|x_hurst_exponent|x_kyle_lambda_lag|x_ma_afternoon_ret|x_gap_ratio|x_price_acceleration|x_ma_ret_1h|x_skewness|x_stoch_k|x_ease_of_movement|x_price_ma250_dev|x_volume_momentum|x_parkinson_volatility|x_price_volume_trend
36,5.215582089073301,5.235170870247958,0.07835512469862865,25,x_volume_acceleration|x_hurst_exponent|x_kyle_lambda_lag|x_volume_profile_fast|x_ma_afternoon_ret|x_ma_bar_ret|x_gap_ratio|x_p_ret_6h|x_price_reversal_1d|x_ma_ret_1h|x_ma_ret_8h|x_skewness|x_stoch_k|x_momentum_20d|x_price_ma250_dev|x_market_depth_imbalance|x_volatility_ratio|x_kurtosis|x_price_impact|x_volume_ma_ratio|x_amihud_illiquidity|x_parkinson_volatility|x_price_volume_trend|x_open_interest|x_liquidity_indicator,x_volume_acceleration|x_hurst_exponent|x_kyle_lambda_lag|x_volume_profile_fast|x_ma_afternoon_ret|x_ma_bar_ret|x_gap_ratio|x_p_ret_6h|x_price_reversal_1d|x_ma_ret_1h|x_ma_ret_8h|x_skewness|x_stoch_k|x_momentum_20d|x_price_ma250_dev|x_market_depth_imbalance|x_volatility_ratio|x_kurtosis|x_price_impact|x_volume_ma_ratio|x_amihud_illiquidity|x_parkinson_volatility|x_price_volume_trend|x_open_interest|x_liquidity_indicator
24,4.980311636984401,4.995746216409123,0.06173831769888897,19,x_volume_acceleration|x_adx|x_trend_strength|x_hurst_exponent|x_kyle_lambda_lag|x_ma_afternoon_ret|x_gap_ratio|x_spread_2h|x_price_reversal_1d|x_ma_ret_1h|x_skewness|x_stoch_k|x_price_ma250_dev|x_market_depth_imbalance|x_volume_ma_ratio|x_volume_momentum|x_parkinson_volatility|x_price_volume_trend|x_liquidity_indicator,x_volume_acceleration|x_adx|x_trend_strength|x_hurst_exponent|x_kyle_lambda_lag|x_ma_afternoon_ret|x_gap_ratio|x_spread_2h|x_price_reversal_1d|x_ma_ret_1h|x_skewness|x_stoch_k|x_price_ma250_dev|x_market_depth_imbalance|x_volume_ma_ratio|x_volume_momentum|x_parkinson_volatility|x_price_volume_trend|x_liquidity_indicator
12,4.947387161931804,4.962451536184491,0.060257497010748,15,x_volume_acceleration|x_hurst_exponent|x_kyle_lambda_lag|x_ma_afternoon_ret|x_spread_8h|x_price_acceleration|x_p_ret_20h|x_stoch_k|x_price_ma250_dev|x_volatility_ratio|x_volume_ma_ratio|x_volume_momentum|x_price_volume_trend|x_open_interest|x_liquidity_indicator,x_volume_acceleration|x_hurst_exponent|x_kyle_lambda_lag|x_ma_afternoon_ret|x_spread_8h|x_price_acceleration|x_p_ret_20h|x_stoch_k|x_price_ma250_dev|x_volatility_ratio|x_volume_ma_ratio|x_volume_momentum|x_price_volume_trend|x_open_interest|x_liquidity_indicator
15,4.869977704331533,4.888861887153601,0.07553673128827212,12,x_trend_strength|x_hurst_exponent|x_kyle_lambda_lag|x_ma_afternoon_ret|x_gap_ratio|x_p_ret_20h|x_stoch_k|x_price_ma250_dev|x_market_depth_imbalance|x_volume_ma_ratio|x_price_volume_trend|x_liquidity_indicator,x_trend_strength|x_hurst_exponent|x_kyle_lambda_lag|x_ma_afternoon_ret|x_gap_ratio|x_p_ret_20h|x_stoch_k|x_price_ma250_dev|x_market_depth_imbalance|x_volume_ma_ratio|x_price_volume_trend|x_liquidity_indicator
23,4.864517696447917,4.880506332020195,0.0639545422891098,14,x_volume_acceleration|x_hurst_exponent|x_ma_afternoon_ret|x_gap_ratio|x_price_reversal_1d|x_ma_ret_1h|x_stoch_k|x_price_ma250_dev|x_price_impact|x_volume_ma_ratio|x_volume_momentum|x_boll_lower|x_parkinson_volatility|x_price_volume_trend,x_volume_acceleration|x_hurst_exponent|x_ma_afternoon_ret|x_gap_ratio|x_price_reversal_1d|x_ma_ret_1h|x_stoch_k|x_price_ma250_dev|x_price_impact|x_volume_ma_ratio|x_volume_momentum|x_boll_lower|x_parkinson_volatility|x_price_volume_trend
31,4.80962568701243,4.821027049615879,0.04560545041379966,15,x_volume_acceleration|x_hurst_exponent|x_kyle_lambda_lag|x_ma_afternoon_ret|x_gap_ratio|x_spread_8h|x_ma_ret_1h|x_skewness|x_price_ma250_dev|x_price_impact|x_turnover|x_volume_ma_ratio|x_amihud_illiquidity|x_volume_momentum|x_open_interest,x_volume_acceleration|x_hurst_exponent|x_kyle_lambda_lag|x_ma_afternoon_ret|x_gap_ratio|x_spread_8h|x_ma_ret_1h|x_skewness|x_price_ma250_dev|x_price_impact|x_turnover|x_volume_ma_ratio|x_amihud_illiquidity|x_volume_momentum|x_open_interest
13,4.572919688649717,4.591067151486159,0.07258985134576648,17,x_volume_acceleration|x_hurst_exponent|x_kyle_lambda_lag|x_ma_afternoon_ret|x_gap_ratio|x_price_channel_breakout|x_skewness|x_p_ret_20h|x_stoch_k|x_price_ma250_dev|x_amihud_volatility|x_volume_ma_ratio|x_volume_momentum|x_boll_lower|x_price_volume_trend|x_open_interest|x_liquidity_indicator,x_volume_acceleration|x_hurst_exponent|x_kyle_lambda_lag|x_ma_afternoon_ret|x_gap_ratio|x_price_channel_breakout|x_skewness|x_p_ret_20h|x_stoch_k|x_price_ma250_dev|x_amihud_volatility|x_volume_ma_ratio|x_volume_momentum|x_boll_lower|x_price_volume_trend|x_open_interest|x_liquidity_indicator
29,4.552283893684252,4.570312211520502,0.07211327134500005,17,x_volume_acceleration|x_hurst_exponent|x_ma_ret_1h|x_skewness|x_stoch_k|x_momentum_20d|x_market_depth_imbalance|x_volatility_ratio|x_kurtosis|x_price_impact|x_turnover|x_volume_ma_ratio|x_volume_momentum|x_parkinson_volatility|x_price_volume_trend|x_open_interest|x_liquidity_indicator,x_volume_acceleration|x_hurst_exponent|x_ma_ret_1h|x_skewness|x_stoch_k|x_momentum_20d|x_market_depth_imbalance|x_volatility_ratio|x_kurtosis|x_price_impact|x_turnover|x_volume_ma_ratio|x_volume_momentum|x_parkinson_volatility|x_price_volume_trend|x_open_interest|x_liquidity_indicator
6,4.450021690407787,4.468232366445178,0.07284270414956197,15,x_volume_acceleration|x_hurst_exponent|x_kyle_lambda_lag|x_gap_ratio|x_spread_8h|x_price_acceleration|x_p_ret_20h|x_stoch_k|x_ease_of_movement|x_price_ma250_dev|x_volatility_ratio|x_volume_ma_ratio|x_volume_momentum|x_price_volume_trend|x_liquidity_indicator,x_volume_acceleration|x_hurst_exponent|x_kyle_lambda_lag|x_gap_ratio|x_spread_8h|x_price_acceleration|x_p_ret_20h|x_stoch_k|x_ease_of_movement|x_price_ma250_dev|x_volatility_ratio|x_volume_ma_ratio|x_volume_momentum|x_price_volume_trend|x_liquidity_indicator
7,4.361308168770071,4.3806278742682006,0.077278821992519,17,x_adx|x_trend_strength|x_hurst_exponent|x_spread_2h|x_spread_8h|x_skewness|x_price_ma250_dev|x_amihud_volatility|x_volatility_ratio|x_kurtosis|x_turnover|x_amihud_illiquidity|x_volume_momentum|x_boll_lower|x_parkinson_volatility|x_price_volume_trend|x_open_interest,x_adx|x_trend_strength|x_hurst_exponent|x_spread_2h|x_spread_8h|x_skewness|x_price_ma250_dev|x_amihud_volatility|x_volatility_ratio|x_kurtosis|x_turnover|x_amihud_illiquidity|x_volume_momentum|x_boll_lower|x_parkinson_volatility|x_price_volume_trend|x_open_interest
2,4.242290459617672,4.26591906002607,0.09451440163359245,22,x_adx|x_trend_strength|x_hurst_exponent|x_kyle_lambda_lag|x_ma_afternoon_ret|x_ma_bar_ret|x_spread_2h|x_spread_8h|x_p_ret_6h|x_ma_ret_1h|x_skewness|x_p_ret_20h|x_stoch_k|x_ease_of_movement|x_price_ma250_dev|x_amihud_volatility|x_turnover|x_amihud_illiquidity|x_parkinson_volatility|x_price_volume_trend|x_open_interest|x_liquidity_indicator,x_adx|x_trend_strength|x_hurst_exponent|x_kyle_lambda_lag|x_ma_afternoon_ret|x_ma_bar_ret|x_spread_2h|x_spread_8h|x_p_ret_6h|x_ma_ret_1h|x_skewness|x_p_ret_20h|x_stoch_k|x_ease_of_movement|x_price_ma250_dev|x_amihud_volatility|x_turnover|x_amihud_illiquidity|x_parkinson_volatility|x_price_volume_trend|x_open_interest|x_liquidity_indicator
5,4.051232211592278,4.074591004650085,0.09343517223122622,20,x_volume_acceleration|x_adx|x_volume_profile_fast|x_ma_afternoon_ret|x_ma_bar_ret|x_spread_2h|x_spread_8h|x_price_acceleration|x_price_channel_breakout|x_ma_ret_8h|x_stoch_k|x_momentum_20d|x_ease_of_movement|x_price_ma250_dev|x_volatility_ratio|x_turnover|x_volume_momentum|x_price_volume_trend|x_open_interest|x_liquidity_indicator,x_volume_acceleration|x_adx|x_volume_profile_fast|x_ma_afternoon_ret|x_ma_bar_ret|x_spread_2h|x_spread_8h|x_price_acceleration|x_price_channel_breakout|x_ma_ret_8h|x_stoch_k|x_momentum_20d|x_ease_of_movement|x_price_ma250_dev|x_volatility_ratio|x_turnover|x_volume_momentum|x_price_volume_trend|x_open_interest|x_liquidity_indicator
8,4.036214421393872,4.0617456588831855,0.10212494995725266,19,x_volume_acceleration|x_adx|x_trend_strength|x_hurst_exponent|x_kyle_lambda_lag|x_ma_bar_ret|x_spread_2h|x_spread_8h|x_p_ret_6h|x_price_acceleration|x_p_ret_20h|x_stoch_k|x_momentum_20d|x_ease_of_movement|x_price_ma250_dev|x_volatility_ratio|x_amihud_illiquidity|x_boll_lower|x_parkinson_volatility,x_volume_acceleration|x_adx|x_trend_strength|x_hurst_exponent|x_kyle_lambda_lag|x_ma_bar_ret|x_spread_2h|x_spread_8h|x_p_ret_6h|x_price_acceleration|x_p_ret_20h|x_stoch_k|x_momentum_20d|x_ease_of_movement|x_price_ma250_dev|x_volatility_ratio|x_amihud_illiquidity|x_boll_lower|x_parkinson_volatility
17,3.977100721838766,3.9898481539178254,0.05098972831623753,19,x_volume_acceleration|x_hurst_exponent|x_kyle_lambda_lag|x_volume_profile_fast|x_ma_afternoon_ret|x_gap_ratio|x_price_reversal_1d|x_ma_ret_1h|x_skewness|x_stoch_k|x_price_ma250_dev|x_volatility_ratio|x_kurtosis|x_volume_ma_ratio|x_amihud_illiquidity|x_volume_momentum|x_parkinson_volatility|x_price_volume_trend|x_liquidity_indicator,x_volume_acceleration|x_hurst_exponent|x_kyle_lambda_lag|x_volume_profile_fast|x_ma_afternoon_ret|x_gap_ratio|x_price_reversal_1d|x_ma_ret_1h|x_skewness|x_stoch_k|x_price_ma250_dev|x_volatility_ratio|x_kurtosis|x_volume_ma_ratio|x_amihud_illiquidity|x_volume_momentum|x_parkinson_volatility|x_price_volume_trend|x_liquidity_indicator
3,3.307973197213977,3.3387198866264427,0.12298675764986175,20,x_adx|x_hurst_exponent|x_ma_bar_ret|x_spread_2h|x_p_ret_6h|x_price_reversal_1d|x_price_acceleration|x_price_channel_breakout|x_ma_ret_1h|x_ma_ret_8h|x_skewness|x_stoch_k|x_momentum_20d|x_price_ma250_dev|x_volatility_ratio|x_kurtosis|x_turnover|x_boll_lower|x_parkinson_volatility|x_liquidity_indicator,x_adx|x_hurst_exponent|x_ma_bar_ret|x_spread_2h|x_p_ret_6h|x_price_reversal_1d|x_price_acceleration|x_price_channel_breakout|x_ma_ret_1h|x_ma_ret_8h|x_skewness|x_stoch_k|x_momentum_20d|x_price_ma250_dev|x_volatility_ratio|x_kurtosis|x_turnover|x_boll_lower|x_parkinson_volatility|x_liquidity_indicator
14,3.279648026988317,3.2959587858984443,0.06524303564050966,14,x_volume_acceleration|x_kyle_lambda_lag|x_volume_profile_fast|x_ma_afternoon_ret|x_spread_8h|x_price_acceleration|x_ma_ret_1h|x_p_ret_20h|x_stoch_k|x_price_ma250_dev|x_volume_ma_ratio|x_volume_momentum|x_price_volume_trend|x_open_interest,x_volume_acceleration|x_kyle_lambda_lag|x_volume_profile_fast|x_ma_afternoon_ret|x_spread_8h|x_price_acceleration|x_ma_ret_1h|x_p_ret_20h|x_stoch_k|x_price_ma250_dev|x_volume_ma_ratio|x_volume_momentum|x_price_volume_trend|x_open_interest
37,3.2486060420108593,3.2660910822319495,0.0699401608843609,20,x_volume_acceleration|x_adx|x_kyle_lambda_lag|x_ma_bar_ret|x_gap_ratio|x_ma_ret_1h|x_skewness|x_p_ret_20h|x_stoch_k|x_momentum_20d|x_price_ma250_dev|x_market_depth_imbalance|x_volatility_ratio|x_kurtosis|x_price_impact|x_volume_ma_ratio|x_volume_momentum|x_boll_lower|x_open_interest|x_liquidity_indicator,x_volume_acceleration|x_adx|x_kyle_lambda_lag|x_ma_bar_ret|x_gap_ratio|x_ma_ret_1h|x_skewness|x_p_ret_20h|x_stoch_k|x_momentum_20d|x_price_ma250_dev|x_market_depth_imbalance|x_volatility_ratio|x_kurtosis|x_price_impact|x_volume_ma_ratio|x_volume_momentum|x_boll_lower|x_open_interest|x_liquidity_indicator
10,3.0454562697298977,3.067990849713627,0.09013831993491783,15,x_volume_acceleration|x_ma_afternoon_ret|x_ma_bar_ret|x_spread_2h|x_spread_8h|x_p_ret_6h|x_price_acceleration|x_skewness|x_p_ret_20h|x_price_ma250_dev|x_market_depth_imbalance|x_price_impact|x_volume_momentum|x_parkinson_volatility|x_liquidity_indicator,x_volume_acceleration|x_ma_afternoon_ret|x_ma_bar_ret|x_spread_2h|x_spread_8h|x_p_ret_6h|x_price_acceleration|x_skewness|x_p_ret_20h|x_price_ma250_dev|x_market_depth_imbalance|x_price_impact|x_volume_momentum|x_parkinson_volatility|x_liquidity_indicator
4,2.508603550701239,2.5234694523695396,0.05946360667320131,20,x_adx|x_trend_strength|x_hurst_exponent|x_kyle_lambda_lag|x_volume_profile_fast|x_ma_bar_ret|x_gap_ratio|x_spread_8h|x_price_acceleration|x_ma_ret_1h|x_skewness|x_p_ret_20h|x_ease_of_movement|x_market_depth_imbalance|x_kurtosis|x_price_impact|x_volume_ma_ratio|x_amihud_illiquidity|x_volume_momentum|x_open_interest,x_adx|x_trend_strength|x_hurst_exponent|x_kyle_lambda_lag|x_volume_profile_fast|x_ma_bar_ret|x_gap_ratio|x_spread_8h|x_price_acceleration|x_ma_ret_1h|x_skewness|x_p_ret_20h|x_ease_of_movement|x_market_depth_imbalance|x_kurtosis|x_price_impact|x_volume_ma_ratio|x_amihud_illiquidity|x_volume_momentum|x_open_interest
1,2.277542500021463,2.3003388320252283,0.09118532801506199,16,x_adx|x_trend_strength|x_ma_afternoon_ret|x_spread_2h|x_spread_8h|x_price_channel_breakout|x_ma_ret_1h|x_skewness|x_p_ret_20h|x_stoch_k|x_amihud_volatility|x_volatility_ratio|x_kurtosis|x_amihud_illiquidity|x_volume_momentum|x_open_interest,x_adx|x_trend_strength|x_ma_afternoon_ret|x_spread_2h|x_spread_8h|x_price_channel_breakout|x_ma_ret_1h|x_skewness|x_p_ret_20h|x_stoch_k|x_amihud_volatility|x_volatility_ratio|x_kurtosis|x_amihud_illiquidity|x_volume_momentum|x_open_interest
9,1.5009422267471888,1.517772603424284,0.06732150670838061,12,x_adx|x_trend_strength|x_hurst_exponent|x_volume_profile_fast|x_spread_8h|x_price_acceleration|x_ma_ret_8h|x_price_ma250_dev|x_turnover|x_volume_momentum|x_parkinson_volatility|x_open_interest,x_adx|x_trend_strength|x_hurst_exponent|x_volume_profile_fast|x_spread_8h|x_price_acceleration|x_ma_ret_8h|x_price_ma250_dev|x_turnover|x_volume_momentum|x_parkinson_volatility|x_open_interest
